This is pdfTeX, Version 3.141592653-2.6-1.40.27 (MiKTeX 25.4) (preloaded format=pdflatex 2025.12.14)  15 JUN 2026 16:36
entering extended mode
 restricted \write18 enabled.
 file:line:error style messages enabled.
 %&-line parsing enabled.
**c:/Users/gwigg/Sophia_Gwiggner/MCI/MGST_4/Control_Engineering_DC_Motor/Lab_DC/LAB_DC.tex
(c:/Users/gwigg/Sophia_Gwiggner/MCI/MGST_4/Control_Engineering_DC_Motor/Lab_DC/LAB_DC.tex
LaTeX2e <2025-11-01>
L3 programming layer <2025-11-06>
(C:\Users\gwigg\AppData\Local\Programs\MiKTeX\tex/latex/base\article.cls
Document Class: article 2025/01/22 v1.4n Standard LaTeX document class
(C:\Users\gwigg\AppData\Local\Programs\MiKTeX\tex/latex/base\size11.clo
File: size11.clo 2025/01/22 v1.4n Standard LaTeX file (size option)
)
\c@part=\count275
\c@section=\count276
\c@subsection=\count277
\c@subsubsection=\count278
\c@paragraph=\count279
\c@subparagraph=\count280
\c@figure=\count281
\c@table=\count282
\abovecaptionskip=\skip49
\belowcaptionskip=\skip50
\bibindent=\dimen148
) (C:\Users\gwigg\AppData\Local\Programs\MiKTeX\tex/latex/geometry\geometry.sty
Package: geometry 2020/01/02 v5.9 Page Geometry
 (C:\Users\gwigg\AppData\Local\Programs\MiKTeX\tex/latex/graphics\keyval.sty
Package: keyval 2022/05/29 v1.15 key=value parser (DPC)
\KV@toks@=\toks17
) (C:\Users\gwigg\AppData\Local\Programs\MiKTeX\tex/generic/iftex\ifvtex.sty
Package: ifvtex 2019/10/25 v1.7 ifvtex legacy package. Use iftex instead.
 (C:\Users\gwigg\AppData\Local\Programs\MiKTeX\tex/generic/iftex\iftex.sty
Package: iftex 2024/12/12 v1.0g TeX engine tests
))
\Gm@cnth=\count283
\Gm@cntv=\count284
\c@Gm@tempcnt=\count285
\Gm@bindingoffset=\dimen149
\Gm@wd@mp=\dimen150
\Gm@odd@mp=\dimen151
\Gm@even@mp=\dimen152
\Gm@layoutwidth=\dimen153
\Gm@layoutheight=\dimen154
\Gm@layouthoffset=\dimen155
\Gm@layoutvoffset=\dimen156
\Gm@dimlist=\toks18
 (C:\Users\gwigg\AppData\Local\Programs\MiKTeX\tex/latex/geometry\geometry.cfg)) (C:\Users\gwigg\AppData\Local\Programs\MiKTeX\tex/generic/babel\babel.sty
Package: babel 2025/11/09 v25.15 The multilingual framework for LuaLaTeX, pdfLaTeX and XeLaTeX
\babel@savecnt=\count286
LaTeX Encoding Info:    Redeclaring text command \ij (encoding OT1) on input line 2050.
LaTeX Encoding Info:    Redeclaring text command \IJ (encoding OT1) on input line 2052.
LaTeX Encoding Info:    Redeclaring text command \ij (encoding T1) on input line 2054.
LaTeX Encoding Info:    Redeclaring text command \IJ (encoding T1) on input line 2055.
LaTeX Encoding Info:    Ignoring declaration for text command \ij (encoding ?) on input line 2056.
LaTeX Encoding Info:    Ignoring declaration for text command \IJ (encoding ?) on input line 2058.
LaTeX Encoding Info:    Ignoring declaration for text command \SS (encoding ?) on input line 2083.
\U@D=\dimen157
\l@unhyphenated=\language79
 (C:\Users\gwigg\AppData\Local\Programs\MiKTeX\tex/generic/babel\txtbabel.def)
\bbl@readstream=\read2
\bbl@dirlevel=\count287
Package babel Info: Configuration files are deprecated, as
(babel)             they can break document portability.
(babel)             Reported on input line 4175.

*************************************
* Local config file bblopts.cfg used
*
(C:\Users\gwigg\AppData\Local\Programs\MiKTeX\tex/latex/arabi\bblopts.cfg
File: bblopts.cfg 2005/09/08 v0.1 add Arabic and Farsi to "declared" options of babel
) (C:\Users\gwigg\AppData\Local\Programs\MiKTeX\tex/generic/babel/locale/de\babel-german.tex)

Package babel Warning: The name 'german' with the 'ldf' mechanism is
(babel)                currently assigned to the old 1901 variant of German.
(babel)                For modern post-1996 German, use the name 'ngerman'.
(babel)                Reported on input line 4298.

Package babel Info: Importing font and identification data for german
(babel)             from babel-de-1901.ini. Reported on input line 4298.
(C:\Users\gwigg\AppData\Local\Programs\MiKTeX\tex/latex/babel-german\german.ldf
Language: german 2024/12/10 v2.15 German support for babel (pre-1996 orthography)
 (C:\Users\gwigg\AppData\Local\Programs\MiKTeX\tex/latex/babel-german\germanb.ldf
Language: germanb 2024/12/10 v2.15 German support for babel (pre-1996 orthography)
Package babel Info: Making " an active character on input line 139.
))) (C:\Users\gwigg\AppData\Local\Programs\MiKTeX\tex/latex/base\inputenc.sty
Package: inputenc 2024/02/08 v1.3d Input encoding file
\inpenc@prehook=\toks19
\inpenc@posthook=\toks20
) (C:\Users\gwigg\AppData\Local\Programs\MiKTeX\tex/latex/base\fontenc.sty
Package: fontenc 2025/07/18 v2.1d Standard LaTeX package
) (C:\Users\gwigg\AppData\Local\Programs\MiKTeX\tex/latex/graphics\graphicx.sty
Package: graphicx 2024/12/31 v1.2e Enhanced LaTeX Graphics (DPC,SPQR)
 (C:\Users\gwigg\AppData\Local\Programs\MiKTeX\tex/latex/graphics\graphics.sty
Package: graphics 2024/08/06 v1.4g Standard LaTeX Graphics (DPC,SPQR)
 (C:\Users\gwigg\AppData\Local\Programs\MiKTeX\tex/latex/graphics\trig.sty
Package: trig 2023/12/02 v1.11 sin cos tan (DPC)
) (C:\Users\gwigg\AppData\Local\Programs\MiKTeX\tex/latex/graphics-cfg\graphics.cfg
File: graphics.cfg 2016/06/04 v1.11 sample graphics configuration
)
Package graphics Info: Driver file: pdftex.def on input line 106.
 (C:\Users\gwigg\AppData\Local\Programs\MiKTeX\tex/latex/graphics-def\pdftex.def
File: pdftex.def 2025/09/29 v1.2d Graphics/color driver for pdftex
))
\Gin@req@height=\dimen158
\Gin@req@width=\dimen159
) (C:\Users\gwigg\AppData\Local\Programs\MiKTeX\tex/latex/float\float.sty
Package: float 2001/11/08 v1.3d Float enhancements (AL)
\c@float@type=\count288
\float@exts=\toks21
\float@box=\box53
\@float@everytoks=\toks22
\@floatcapt=\box54
) (C:\Users\gwigg\AppData\Local\Programs\MiKTeX\tex/latex/wrapfig\wrapfig.sty
\wrapoverhang=\dimen160
\WF@size=\dimen161
\c@WF@wrappedlines=\count289
\WF@box=\box55
\WF@everypar=\toks23
Package: wrapfig 2003/01/31  v 3.6
) (C:\Users\gwigg\AppData\Local\Programs\MiKTeX\tex/latex/listings\listings.sty
\lst@mode=\count290
\lst@gtempboxa=\box56
\lst@token=\toks24
\lst@length=\count291
\lst@currlwidth=\dimen162
\lst@column=\count292
\lst@pos=\count293
\lst@lostspace=\dimen163
\lst@width=\dimen164
\lst@newlines=\count294
\lst@lineno=\count295
\lst@maxwidth=\dimen165
 (C:\Users\gwigg\AppData\Local\Programs\MiKTeX\tex/latex/listings\lstpatch.sty
File: lstpatch.sty 2025/11/14 1.11b (Carsten Heinz)
) (C:\Users\gwigg\AppData\Local\Programs\MiKTeX\tex/latex/listings\lstmisc.sty
File: lstmisc.sty 2025/11/14 1.11b (Carsten Heinz)
\c@lstnumber=\count296
\lst@skipnumbers=\count297
\lst@framebox=\box57
) (C:\Users\gwigg\AppData\Local\Programs\MiKTeX\tex/latex/listings\listings.cfg
File: listings.cfg 2025/11/14 1.11b listings configuration
))
Package: listings 2025/11/14 1.11b (Carsten Heinz)

==> First Aid for listings.sty no longer applied!
    Expected:
        2024/09/23 1.10c (Carsten Heinz)
    but found:
        2025/11/14 1.11b (Carsten Heinz)
    so I'm assuming it got fixed.
(C:\Users\gwigg\AppData\Local\Programs\MiKTeX\tex/latex/caption\caption.sty
Package: caption 2023/08/05 v3.6o Customizing captions (AR)
 (C:\Users\gwigg\AppData\Local\Programs\MiKTeX\tex/latex/caption\caption3.sty
Package: caption3 2023/07/31 v2.4d caption3 kernel (AR)
\caption@tempdima=\dimen166
\captionmargin=\dimen167
\caption@leftmargin=\dimen168
\caption@rightmargin=\dimen169
\caption@width=\dimen170
\caption@indent=\dimen171
\caption@parindent=\dimen172
\caption@hangindent=\dimen173
Package caption Info: Standard document class detected.
)
\c@caption@flags=\count298
\c@continuedfloat=\count299
Package caption Info: float package is loaded.
Package caption Info: listings package is loaded.
Package caption Info: wrapfig package is loaded.
) (C:\Users\gwigg\AppData\Local\Programs\MiKTeX\tex/latex/tools\tabularx.sty
Package: tabularx 2023/12/11 v2.12a `tabularx' package (DPC)
 (C:\Users\gwigg\AppData\Local\Programs\MiKTeX\tex/latex/tools\array.sty
Package: array 2025/09/25 v2.6n Tabular extension package (FMi)
\col@sep=\dimen174
\ar@mcellbox=\box58
\extrarowheight=\dimen175
\NC@list=\toks25
\extratabsurround=\skip51
\backup@length=\skip52
\ar@cellbox=\box59
)
\TX@col@width=\dimen176
\TX@old@table=\dimen177
\TX@old@col=\dimen178
\TX@target=\dimen179
\TX@delta=\dimen180
\TX@cols=\count300
\TX@ftn=\toks26
) (C:\Users\gwigg\AppData\Local\Programs\MiKTeX\tex/latex/booktabs\booktabs.sty
Package: booktabs 2020/01/12 v1.61803398 Publication quality tables
\heavyrulewidth=\dimen181
\lightrulewidth=\dimen182
\cmidrulewidth=\dimen183
\belowrulesep=\dimen184
\belowbottomsep=\dimen185
\aboverulesep=\dimen186
\abovetopsep=\dimen187
\cmidrulesep=\dimen188
\cmidrulekern=\dimen189
\defaultaddspace=\dimen190
\@cmidla=\count301
\@cmidlb=\count302
\@aboverulesep=\dimen191
\@belowrulesep=\dimen192
\@thisruleclass=\count303
\@lastruleclass=\count304
\@thisrulewidth=\dimen193
) (C:\Users\gwigg\AppData\Local\Programs\MiKTeX\tex/latex/circuitikz\circuitikz.sty
Package: circuitikz 2025/07/08{} The CircuiTikz circuit drawing package version 1.8.2
 (C:\Users\gwigg\AppData\Local\Programs\MiKTeX\tex/latex/pgf/frontendlayer\tikz.sty (C:\Users\gwigg\AppData\Local\Programs\MiKTeX\tex/latex/pgf/basiclayer\pgf.sty (C:\Users\gwigg\AppData\Local\Programs\MiKTeX\tex/latex/pgf/utilities\pgfrcs.sty (C:\Users\gwigg\AppData\Local\Programs\MiKTeX\tex/generic/pgf/utilities\pgfutil-common.tex
\pgfutil@everybye=\toks27
\pgfutil@tempdima=\dimen194
\pgfutil@tempdimb=\dimen195
) (C:\Users\gwigg\AppData\Local\Programs\MiKTeX\tex/generic/pgf/utilities\pgfutil-latex.def
\pgfutil@abb=\box60
) (C:\Users\gwigg\AppData\Local\Programs\MiKTeX\tex/generic/pgf/utilities\pgfrcs.code.tex (C:\Users\gwigg\AppData\Local\Programs\MiKTeX\tex/generic/pgf\pgf.revision.tex)
Package: pgfrcs 2025-08-29 v3.1.11a (3.1.11a)
))
Package: pgf 2025-08-29 v3.1.11a (3.1.11a)
 (C:\Users\gwigg\AppData\Local\Programs\MiKTeX\tex/latex/pgf/basiclayer\pgfcore.sty (C:\Users\gwigg\AppData\Local\Programs\MiKTeX\tex/latex/pgf/systemlayer\pgfsys.sty (C:\Users\gwigg\AppData\Local\Programs\MiKTeX\tex/generic/pgf/systemlayer\pgfsys.code.tex
Package: pgfsys 2025-08-29 v3.1.11a (3.1.11a)
 (C:\Users\gwigg\AppData\Local\Programs\MiKTeX\tex/generic/pgf/utilities\pgfkeys.code.tex
\pgfkeys@pathtoks=\toks28
\pgfkeys@temptoks=\toks29
 (C:\Users\gwigg\AppData\Local\Programs\MiKTeX\tex/generic/pgf/utilities\pgfkeyslibraryfiltered.code.tex
\pgfkeys@tmptoks=\toks30
))
\pgf@x=\dimen196
\pgf@y=\dimen197
\pgf@xa=\dimen198
\pgf@ya=\dimen199
\pgf@xb=\dimen256
\pgf@yb=\dimen257
\pgf@xc=\dimen258
\pgf@yc=\dimen259
\pgf@xd=\dimen260
\pgf@yd=\dimen261
\w@pgf@writea=\write3
\r@pgf@reada=\read3
\c@pgf@counta=\count305
\c@pgf@countb=\count306
\c@pgf@countc=\count307
\c@pgf@countd=\count308
\t@pgf@toka=\toks31
\t@pgf@tokb=\toks32
\t@pgf@tokc=\toks33
\pgf@sys@id@count=\count309
 (C:\Users\gwigg\AppData\Local\Programs\MiKTeX\tex/generic/pgf/systemlayer\pgf.cfg
File: pgf.cfg 2025-08-29 v3.1.11a (3.1.11a)
)
Driver file for pgf: pgfsys-pdftex.def
 (C:\Users\gwigg\AppData\Local\Programs\MiKTeX\tex/generic/pgf/systemlayer\pgfsys-pdftex.def
File: pgfsys-pdftex.def 2025-08-29 v3.1.11a (3.1.11a)
 (C:\Users\gwigg\AppData\Local\Programs\MiKTeX\tex/generic/pgf/systemlayer\pgfsys-common-pdf.def
File: pgfsys-common-pdf.def 2025-08-29 v3.1.11a (3.1.11a)
))) (C:\Users\gwigg\AppData\Local\Programs\MiKTeX\tex/generic/pgf/systemlayer\pgfsyssoftpath.code.tex
File: pgfsyssoftpath.code.tex 2025-08-29 v3.1.11a (3.1.11a)
\pgfsyssoftpath@smallbuffer@items=\count310
\pgfsyssoftpath@bigbuffer@items=\count311
) (C:\Users\gwigg\AppData\Local\Programs\MiKTeX\tex/generic/pgf/systemlayer\pgfsysprotocol.code.tex
File: pgfsysprotocol.code.tex 2025-08-29 v3.1.11a (3.1.11a)
)) (C:\Users\gwigg\AppData\Local\Programs\MiKTeX\tex/latex/xcolor\xcolor.sty
Package: xcolor 2024/09/29 v3.02 LaTeX color extensions (UK)
 (C:\Users\gwigg\AppData\Local\Programs\MiKTeX\tex/latex/graphics-cfg\color.cfg
File: color.cfg 2016/01/02 v1.6 sample color configuration
)
Package xcolor Info: Driver file: pdftex.def on input line 274.
 (C:\Users\gwigg\AppData\Local\Programs\MiKTeX\tex/latex/graphics\mathcolor.ltx)
Package xcolor Info: Model `cmy' substituted by `cmy0' on input line 1349.
Package xcolor Info: Model `hsb' substituted by `rgb' on input line 1353.
Package xcolor Info: Model `RGB' extended on input line 1365.
Package xcolor Info: Model `HTML' substituted by `rgb' on input line 1367.
Package xcolor Info: Model `Hsb' substituted by `hsb' on input line 1368.
Package xcolor Info: Model `tHsb' substituted by `hsb' on input line 1369.
Package xcolor Info: Model `HSB' substituted by `hsb' on input line 1370.
Package xcolor Info: Model `Gray' substituted by `gray' on input line 1371.
Package xcolor Info: Model `wave' substituted by `hsb' on input line 1372.
) (C:\Users\gwigg\AppData\Local\Programs\MiKTeX\tex/generic/pgf/basiclayer\pgfcore.code.tex
Package: pgfcore 2025-08-29 v3.1.11a (3.1.11a)
 (C:\Users\gwigg\AppData\Local\Programs\MiKTeX\tex/generic/pgf/math\pgfmath.code.tex (C:\Users\gwigg\AppData\Local\Programs\MiKTeX\tex/generic/pgf/math\pgfmathutil.code.tex) (C:\Users\gwigg\AppData\Local\Programs\MiKTeX\tex/generic/pgf/math\pgfmathparser.code.tex
\pgfmath@dimen=\dimen262
\pgfmath@count=\count312
\pgfmath@box=\box61
\pgfmath@toks=\toks34
\pgfmath@stack@operand=\toks35
\pgfmath@stack@operation=\toks36
) (C:\Users\gwigg\AppData\Local\Programs\MiKTeX\tex/generic/pgf/math\pgfmathfunctions.code.tex) (C:\Users\gwigg\AppData\Local\Programs\MiKTeX\tex/generic/pgf/math\pgfmathfunctions.basic.code.tex) (C:\Users\gwigg\AppData\Local\Programs\MiKTeX\tex/generic/pgf/math\pgfmathfunctions.trigonometric.code.tex) (C:\Users\gwigg\AppData\Local\Programs\MiKTeX\tex/generic/pgf/math\pgfmathfunctions.random.code.tex) (C:\Users\gwigg\AppData\Local\Programs\MiKTeX\tex/generic/pgf/math\pgfmathfunctions.comparison.code.tex) (C:\Users\gwigg\AppData\Local\Programs\MiKTeX\tex/generic/pgf/math\pgfmathfunctions.base.code.tex) (C:\Users\gwigg\AppData\Local\Programs\MiKTeX\tex/generic/pgf/math\pgfmathfunctions.round.code.tex) (C:\Users\gwigg\AppData\Local\Programs\MiKTeX\tex/generic/pgf/math\pgfmathfunctions.misc.code.tex) (C:\Users\gwigg\AppData\Local\Programs\MiKTeX\tex/generic/pgf/math\pgfmathfunctions.integerarithmetics.code.tex) (C:\Users\gwigg\AppData\Local\Programs\MiKTeX\tex/generic/pgf/math\pgfmathcalc.code.tex) (C:\Users\gwigg\AppData\Local\Programs\MiKTeX\tex/generic/pgf/math\pgfmathfloat.code.tex
\c@pgfmathroundto@lastzeros=\count313
)) (C:\Users\gwigg\AppData\Local\Programs\MiKTeX\tex/generic/pgf/math\pgfint.code.tex) (C:\Users\gwigg\AppData\Local\Programs\MiKTeX\tex/generic/pgf/basiclayer\pgfcorepoints.code.tex
File: pgfcorepoints.code.tex 2025-08-29 v3.1.11a (3.1.11a)
\pgf@picminx=\dimen263
\pgf@picmaxx=\dimen264
\pgf@picminy=\dimen265
\pgf@picmaxy=\dimen266
\pgf@pathminx=\dimen267
\pgf@pathmaxx=\dimen268
\pgf@pathminy=\dimen269
\pgf@pathmaxy=\dimen270
\pgf@xx=\dimen271
\pgf@xy=\dimen272
\pgf@yx=\dimen273
\pgf@yy=\dimen274
\pgf@zx=\dimen275
\pgf@zy=\dimen276
) (C:\Users\gwigg\AppData\Local\Programs\MiKTeX\tex/generic/pgf/basiclayer\pgfcorepathconstruct.code.tex
File: pgfcorepathconstruct.code.tex 2025-08-29 v3.1.11a (3.1.11a)
\pgf@path@lastx=\dimen277
\pgf@path@lasty=\dimen278
) (C:\Users\gwigg\AppData\Local\Programs\MiKTeX\tex/generic/pgf/basiclayer\pgfcorepathusage.code.tex
File: pgfcorepathusage.code.tex 2025-08-29 v3.1.11a (3.1.11a)
\pgf@shorten@end@additional=\dimen279
\pgf@shorten@start@additional=\dimen280
) (C:\Users\gwigg\AppData\Local\Programs\MiKTeX\tex/generic/pgf/basiclayer\pgfcorescopes.code.tex
File: pgfcorescopes.code.tex 2025-08-29 v3.1.11a (3.1.11a)
\pgfpic=\box62
\pgf@hbox=\box63
\pgf@layerbox@main=\box64
\pgf@picture@serial@count=\count314
) (C:\Users\gwigg\AppData\Local\Programs\MiKTeX\tex/generic/pgf/basiclayer\pgfcoregraphicstate.code.tex
File: pgfcoregraphicstate.code.tex 2025-08-29 v3.1.11a (3.1.11a)
\pgflinewidth=\dimen281
) (C:\Users\gwigg\AppData\Local\Programs\MiKTeX\tex/generic/pgf/basiclayer\pgfcoretransformations.code.tex
File: pgfcoretransformations.code.tex 2025-08-29 v3.1.11a (3.1.11a)
\pgf@pt@x=\dimen282
\pgf@pt@y=\dimen283
\pgf@pt@temp=\dimen284
) (C:\Users\gwigg\AppData\Local\Programs\MiKTeX\tex/generic/pgf/basiclayer\pgfcorequick.code.tex
File: pgfcorequick.code.tex 2025-08-29 v3.1.11a (3.1.11a)
) (C:\Users\gwigg\AppData\Local\Programs\MiKTeX\tex/generic/pgf/basiclayer\pgfcoreobjects.code.tex
File: pgfcoreobjects.code.tex 2025-08-29 v3.1.11a (3.1.11a)
) (C:\Users\gwigg\AppData\Local\Programs\MiKTeX\tex/generic/pgf/basiclayer\pgfcorepathprocessing.code.tex
File: pgfcorepathprocessing.code.tex 2025-08-29 v3.1.11a (3.1.11a)
) (C:\Users\gwigg\AppData\Local\Programs\MiKTeX\tex/generic/pgf/basiclayer\pgfcorearrows.code.tex
File: pgfcorearrows.code.tex 2025-08-29 v3.1.11a (3.1.11a)
\pgfarrowsep=\dimen285
) (C:\Users\gwigg\AppData\Local\Programs\MiKTeX\tex/generic/pgf/basiclayer\pgfcoreshade.code.tex
File: pgfcoreshade.code.tex 2025-08-29 v3.1.11a (3.1.11a)
\pgf@max=\dimen286
\pgf@sys@shading@range@num=\count315
\pgf@shadingcount=\count316
) (C:\Users\gwigg\AppData\Local\Programs\MiKTeX\tex/generic/pgf/basiclayer\pgfcoreimage.code.tex
File: pgfcoreimage.code.tex 2025-08-29 v3.1.11a (3.1.11a)
) (C:\Users\gwigg\AppData\Local\Programs\MiKTeX\tex/generic/pgf/basiclayer\pgfcoreexternal.code.tex
File: pgfcoreexternal.code.tex 2025-08-29 v3.1.11a (3.1.11a)
\pgfexternal@startupbox=\box65
) (C:\Users\gwigg\AppData\Local\Programs\MiKTeX\tex/generic/pgf/basiclayer\pgfcorelayers.code.tex
File: pgfcorelayers.code.tex 2025-08-29 v3.1.11a (3.1.11a)
) (C:\Users\gwigg\AppData\Local\Programs\MiKTeX\tex/generic/pgf/basiclayer\pgfcoretransparency.code.tex
File: pgfcoretransparency.code.tex 2025-08-29 v3.1.11a (3.1.11a)
) (C:\Users\gwigg\AppData\Local\Programs\MiKTeX\tex/generic/pgf/basiclayer\pgfcorepatterns.code.tex
File: pgfcorepatterns.code.tex 2025-08-29 v3.1.11a (3.1.11a)
) (C:\Users\gwigg\AppData\Local\Programs\MiKTeX\tex/generic/pgf/basiclayer\pgfcorerdf.code.tex
File: pgfcorerdf.code.tex 2025-08-29 v3.1.11a (3.1.11a)
))) (C:\Users\gwigg\AppData\Local\Programs\MiKTeX\tex/generic/pgf/modules\pgfmoduleshapes.code.tex
File: pgfmoduleshapes.code.tex 2025-08-29 v3.1.11a (3.1.11a)
\pgfnodeparttextbox=\box66
) (C:\Users\gwigg\AppData\Local\Programs\MiKTeX\tex/generic/pgf/modules\pgfmoduleplot.code.tex
File: pgfmoduleplot.code.tex 2025-08-29 v3.1.11a (3.1.11a)
) (C:\Users\gwigg\AppData\Local\Programs\MiKTeX\tex/latex/pgf/compatibility\pgfcomp-version-0-65.sty
Package: pgfcomp-version-0-65 2025-08-29 v3.1.11a (3.1.11a)
\pgf@nodesepstart=\dimen287
\pgf@nodesepend=\dimen288
) (C:\Users\gwigg\AppData\Local\Programs\MiKTeX\tex/latex/pgf/compatibility\pgfcomp-version-1-18.sty
Package: pgfcomp-version-1-18 2025-08-29 v3.1.11a (3.1.11a)
)) (C:\Users\gwigg\AppData\Local\Programs\MiKTeX\tex/latex/pgf/utilities\pgffor.sty (C:\Users\gwigg\AppData\Local\Programs\MiKTeX\tex/latex/pgf/utilities\pgfkeys.sty (C:\Users\gwigg\AppData\Local\Programs\MiKTeX\tex/generic/pgf/utilities\pgfkeys.code.tex)) (C:\Users\gwigg\AppData\Local\Programs\MiKTeX\tex/latex/pgf/math\pgfmath.sty (C:\Users\gwigg\AppData\Local\Programs\MiKTeX\tex/generic/pgf/math\pgfmath.code.tex)) (C:\Users\gwigg\AppData\Local\Programs\MiKTeX\tex/generic/pgf/utilities\pgffor.code.tex
Package: pgffor 2025-08-29 v3.1.11a (3.1.11a)
\pgffor@iter=\dimen289
\pgffor@skip=\dimen290
\pgffor@stack=\toks37
\pgffor@toks=\toks38
)) (C:\Users\gwigg\AppData\Local\Programs\MiKTeX\tex/generic/pgf/frontendlayer/tikz\tikz.code.tex
Package: tikz 2025-08-29 v3.1.11a (3.1.11a)
 (C:\Users\gwigg\AppData\Local\Programs\MiKTeX\tex/generic/pgf/libraries\pgflibraryplothandlers.code.tex
File: pgflibraryplothandlers.code.tex 2025-08-29 v3.1.11a (3.1.11a)
\pgf@plot@mark@count=\count317
\pgfplotmarksize=\dimen291
)
\tikz@lastx=\dimen292
\tikz@lasty=\dimen293
\tikz@lastxsaved=\dimen294
\tikz@lastysaved=\dimen295
\tikz@lastmovetox=\dimen296
\tikz@lastmovetoy=\dimen297
\tikzleveldistance=\dimen298
\tikzsiblingdistance=\dimen299
\tikz@figbox=\box67
\tikz@figbox@bg=\box68
\tikz@tempbox=\box69
\tikz@tempbox@bg=\box70
\tikztreelevel=\count318
\tikznumberofchildren=\count319
\tikznumberofcurrentchild=\count320
\tikz@fig@count=\count321
 (C:\Users\gwigg\AppData\Local\Programs\MiKTeX\tex/generic/pgf/modules\pgfmodulematrix.code.tex
File: pgfmodulematrix.code.tex 2025-08-29 v3.1.11a (3.1.11a)
\pgfmatrixcurrentrow=\count322
\pgfmatrixcurrentcolumn=\count323
\pgf@matrix@numberofcolumns=\count324
)
\tikz@expandcount=\count325
 (C:\Users\gwigg\AppData\Local\Programs\MiKTeX\tex/generic/pgf/frontendlayer/tikz/libraries\tikzlibrarytopaths.code.tex
File: tikzlibrarytopaths.code.tex 2025-08-29 v3.1.11a (3.1.11a)
))) (C:\Users\gwigg\AppData\Local\Programs\MiKTeX\tex/generic/pgf/frontendlayer/tikz/libraries\tikzlibrarycalc.code.tex
File: tikzlibrarycalc.code.tex 2025-08-29 v3.1.11a (3.1.11a)
) (C:\Users\gwigg\AppData\Local\Programs\MiKTeX\tex/generic/pgf/libraries\pgflibraryarrows.meta.code.tex
File: pgflibraryarrows.meta.code.tex 2025-08-29 v3.1.11a (3.1.11a)
\pgfarrowinset=\dimen300
\pgfarrowlength=\dimen301
\pgfarrowwidth=\dimen302
\pgfarrowlinewidth=\dimen303
) (C:\Users\gwigg\AppData\Local\Programs\MiKTeX\tex/generic/pgf/frontendlayer/tikz/libraries\tikzlibrarybending.code.tex
File: tikzlibrarybending.code.tex 2025-08-29 v3.1.11a (3.1.11a)
 (C:\Users\gwigg\AppData\Local\Programs\MiKTeX\tex/generic/pgf/modules\pgfmodulebending.code.tex
File: pgfmodulebending.code.tex 2025-08-29 v3.1.11a (3.1.11a)
 (C:\Users\gwigg\AppData\Local\Programs\MiKTeX\tex/generic/pgf/modules\pgfmodulenonlineartransformations.code.tex
File: pgfmodulenonlineartransformations.code.tex 2025-08-29 v3.1.11a (3.1.11a)
\pgftransformnonlinearflatness=\dimen304
) (C:\Users\gwigg\AppData\Local\Programs\MiKTeX\tex/generic/pgf/libraries\pgflibrarycurvilinear.code.tex
File: pgflibrarycurvilinear.code.tex 2025-08-29 v3.1.11a (3.1.11a)
\pgf@curvilinear@time@a=\dimen305
\pgf@curvilinear@length@a=\dimen306
\pgf@curvilinear@length@b=\dimen307
\pgf@curvilinear@length@c=\dimen308
\pgf@curvilinear@length@d=\dimen309
)
\pgf@arrows@the@rigidity=\dimen310
)) (C:\Users\gwigg\AppData\Local\Programs\MiKTeX\tex/generic/pgf/frontendlayer/tikz/libraries\tikzlibraryfpu.code.tex (C:\Users\gwigg\AppData\Local\Programs\MiKTeX\tex/generic/pgf/libraries\pgflibraryfpu.code.tex)) (C:\Users\gwigg\AppData\Local\Programs\MiKTeX\tex/generic/circuitikz\pgfcirc.defines.tex
\pgf@circ@count@a=\count326
\pgf@circ@count@b=\count327
\pgf@circ@count@c=\count328
\pgf@circ@res@up=\dimen311
\pgf@circ@res@down=\dimen312
\pgf@circ@res@zero=\dimen313
\pgf@circ@res@left=\dimen314
\pgf@circ@res@right=\dimen315
\pgf@circ@res@other=\dimen316
\pgf@circ@res@step=\dimen317
\pgf@circ@res@temp=\dimen318
\pgf@circ@Rlen=\dimen319
\pgf@circ@scaled@Rlen=\dimen320
\pgfstartlinewidth=\dimen321
) (C:\Users\gwigg\AppData\Local\Programs\MiKTeX\tex/generic/circuitikz\pgfcircutils.tex
\ctikz@scratchbox=\box71
) (C:\Users\gwigg\AppData\Local\Programs\MiKTeX\tex/generic/circuitikz\pgfcircpath.tex) (C:\Users\gwigg\AppData\Local\Programs\MiKTeX\tex/generic/circuitikz\pgfcircshapes.tex) (C:\Users\gwigg\AppData\Local\Programs\MiKTeX\tex/generic/circuitikz\pgfcircmonopoles.tex) (C:\Users\gwigg\AppData\Local\Programs\MiKTeX\tex/generic/circuitikz\pgfcircbipoles.tex) (C:\Users\gwigg\AppData\Local\Programs\MiKTeX\tex/generic/circuitikz\pgfcirctripoles.tex
\pgf@circ@res@count=\count329
) (C:\Users\gwigg\AppData\Local\Programs\MiKTeX\tex/generic/circuitikz\pgfcircquadpoles.tex) (C:\Users\gwigg\AppData\Local\Programs\MiKTeX\tex/generic/circuitikz\pgfcircmultipoles.tex) (C:\Users\gwigg\AppData\Local\Programs\MiKTeX\tex/generic/circuitikz\pgfcirclabel.tex) (C:\Users\gwigg\AppData\Local\Programs\MiKTeX\tex/generic/circuitikz\pgfcircvoltage.tex
\pgfcirc@labelshift=\dimen322
) (C:\Users\gwigg\AppData\Local\Programs\MiKTeX\tex/generic/circuitikz\pgfcirccurrent.tex) (C:\Users\gwigg\AppData\Local\Programs\MiKTeX\tex/generic/circuitikz\pgfcircflow.tex)) (C:\Users\gwigg\AppData\Local\Programs\MiKTeX\tex/latex/textgreek\textgreek.sty
Package: textgreek 2011/10/09 v0.7 Greek symbols in text
Package textgreek Info: Loading the definitions for the Greek fontencoding. on input line 39.
 (C:\Users\gwigg\AppData\Local\Programs\MiKTeX\tex/latex/greek-fontenc\lgrenc.def
File: lgrenc.def 2023-09-12 2.5 LGR Greek font encoding definitions
Now handling font encoding LGR ...
... processing UTF-8 mapping file for font encoding LGR
 (C:\Users\gwigg\AppData\Local\Programs\MiKTeX\tex/latex/greek-inputenc\lgrenc.dfu
File: lgrenc.dfu 2023-03-21 1.9 UTF-8 support for Greek
   defining Unicode char U+00A8 (decimal 168)
   defining Unicode char U+00AB (decimal 171)
   defining Unicode char U+00AF (decimal 175)
   defining Unicode char U+00B4 (decimal 180)
   defining Unicode char U+00B7 (decimal 183)
   defining Unicode char U+00BB (decimal 187)
   defining Unicode char U+0259 (decimal 601)
   defining Unicode char U+02D8 (decimal 728)
   defining Unicode char U+0374 (decimal 884)
   defining Unicode char U+0375 (decimal 885)
   defining Unicode char U+037A (decimal 890)
   defining Unicode char U+037E (decimal 894)
   defining Unicode char U+0384 (decimal 900)
   defining Unicode char U+0385 (decimal 901)
   defining Unicode char U+0386 (decimal 902)
   defining Unicode char U+0387 (decimal 903)
   defining Unicode char U+0388 (decimal 904)
   defining Unicode char U+0389 (decimal 905)
   defining Unicode char U+038A (decimal 906)
   defining Unicode char U+038C (decimal 908)
   defining Unicode char U+038E (decimal 910)
   defining Unicode char U+038F (decimal 911)
   defining Unicode char U+0390 (decimal 912)
   defining Unicode char U+0391 (decimal 913)
   defining Unicode char U+0392 (decimal 914)
   defining Unicode char U+0393 (decimal 915)
   defining Unicode char U+0394 (decimal 916)
   defining Unicode char U+0395 (decimal 917)
   defining Unicode char U+0396 (decimal 918)
   defining Unicode char U+0397 (decimal 919)
   defining Unicode char U+0398 (decimal 920)
   defining Unicode char U+0399 (decimal 921)
   defining Unicode char U+039A (decimal 922)
   defining Unicode char U+039B (decimal 923)
   defining Unicode char U+039C (decimal 924)
   defining Unicode char U+039D (decimal 925)
   defining Unicode char U+039E (decimal 926)
   defining Unicode char U+039F (decimal 927)
   defining Unicode char U+03A0 (decimal 928)
   defining Unicode char U+03A1 (decimal 929)
   defining Unicode char U+03A3 (decimal 931)
   defining Unicode char U+03A4 (decimal 932)
   defining Unicode char U+03A5 (decimal 933)
   defining Unicode char U+03A6 (decimal 934)
   defining Unicode char U+03A7 (decimal 935)
   defining Unicode char U+03A8 (decimal 936)
   defining Unicode char U+03A9 (decimal 937)
   defining Unicode char U+03AA (decimal 938)
   defining Unicode char U+03AB (decimal 939)
   defining Unicode char U+03AC (decimal 940)
   defining Unicode char U+03AD (decimal 941)
   defining Unicode char U+03AE (decimal 942)
   defining Unicode char U+03AF (decimal 943)
   defining Unicode char U+03B0 (decimal 944)
   defining Unicode char U+03B1 (decimal 945)
   defining Unicode char U+03B2 (decimal 946)
   defining Unicode char U+03B3 (decimal 947)
   defining Unicode char U+03B4 (decimal 948)
   defining Unicode char U+03B5 (decimal 949)
   defining Unicode char U+03B6 (decimal 950)
   defining Unicode char U+03B7 (decimal 951)
   defining Unicode char U+03B8 (decimal 952)
   defining Unicode char U+03B9 (decimal 953)
   defining Unicode char U+03BA (decimal 954)
   defining Unicode char U+03BB (decimal 955)
   defining Unicode char U+03BC (decimal 956)
   defining Unicode char U+03BD (decimal 957)
   defining Unicode char U+03BE (decimal 958)
   defining Unicode char U+03BF (decimal 959)
   defining Unicode char U+03C0 (decimal 960)
   defining Unicode char U+03C1 (decimal 961)
   defining Unicode char U+03C2 (decimal 962)
   defining Unicode char U+03C3 (decimal 963)
   defining Unicode char U+03C4 (decimal 964)
   defining Unicode char U+03C5 (decimal 965)
   defining Unicode char U+03C6 (decimal 966)
   defining Unicode char U+03C7 (decimal 967)
   defining Unicode char U+03C8 (decimal 968)
   defining Unicode char U+03C9 (decimal 969)
   defining Unicode char U+03CA (decimal 970)
   defining Unicode char U+03CB (decimal 971)
   defining Unicode char U+03CC (decimal 972)
   defining Unicode char U+03CD (decimal 973)
   defining Unicode char U+03CE (decimal 974)
   defining Unicode char U+03D0 (decimal 976)
   defining Unicode char U+03D1 (decimal 977)
   defining Unicode char U+03D5 (decimal 981)
   defining Unicode char U+03D6 (decimal 982)
   defining Unicode char U+03D8 (decimal 984)
   defining Unicode char U+03D9 (decimal 985)
   defining Unicode char U+03DA (decimal 986)
   defining Unicode char U+03DB (decimal 987)
   defining Unicode char U+03DC (decimal 988)
   defining Unicode char U+03DD (decimal 989)
   defining Unicode char U+03DE (decimal 990)
   defining Unicode char U+03DF (decimal 991)
   defining Unicode char U+03E0 (decimal 992)
   defining Unicode char U+03E1 (decimal 993)
   defining Unicode char U+03F0 (decimal 1008)
   defining Unicode char U+03F1 (decimal 1009)
   defining Unicode char U+03F4 (decimal 1012)
   defining Unicode char U+03F5 (decimal 1013)
   defining Unicode char U+1F00 (decimal 7936)
   defining Unicode char U+1F01 (decimal 7937)
   defining Unicode char U+1F02 (decimal 7938)
   defining Unicode char U+1F03 (decimal 7939)
   defining Unicode char U+1F04 (decimal 7940)
   defining Unicode char U+1F05 (decimal 7941)
   defining Unicode char U+1F06 (decimal 7942)
   defining Unicode char U+1F07 (decimal 7943)
   defining Unicode char U+1F08 (decimal 7944)
   defining Unicode char U+1F09 (decimal 7945)
   defining Unicode char U+1F0A (decimal 7946)
   defining Unicode char U+1F0B (decimal 7947)
   defining Unicode char U+1F0C (decimal 7948)
   defining Unicode char U+1F0D (decimal 7949)
   defining Unicode char U+1F0E (decimal 7950)
   defining Unicode char U+1F0F (decimal 7951)
   defining Unicode char U+1F10 (decimal 7952)
   defining Unicode char U+1F11 (decimal 7953)
   defining Unicode char U+1F12 (decimal 7954)
   defining Unicode char U+1F13 (decimal 7955)
   defining Unicode char U+1F14 (decimal 7956)
   defining Unicode char U+1F15 (decimal 7957)
   defining Unicode char U+1F18 (decimal 7960)
   defining Unicode char U+1F19 (decimal 7961)
   defining Unicode char U+1F1A (decimal 7962)
   defining Unicode char U+1F1B (decimal 7963)
   defining Unicode char U+1F1C (decimal 7964)
   defining Unicode char U+1F1D (decimal 7965)
   defining Unicode char U+1F20 (decimal 7968)
   defining Unicode char U+1F21 (decimal 7969)
   defining Unicode char U+1F22 (decimal 7970)
   defining Unicode char U+1F23 (decimal 7971)
   defining Unicode char U+1F24 (decimal 7972)
   defining Unicode char U+1F25 (decimal 7973)
   defining Unicode char U+1F26 (decimal 7974)
   defining Unicode char U+1F27 (decimal 7975)
   defining Unicode char U+1F28 (decimal 7976)
   defining Unicode char U+1F29 (decimal 7977)
   defining Unicode char U+1F2A (decimal 7978)
   defining Unicode char U+1F2B (decimal 7979)
   defining Unicode char U+1F2C (decimal 7980)
   defining Unicode char U+1F2D (decimal 7981)
   defining Unicode char U+1F2E (decimal 7982)
   defining Unicode char U+1F2F (decimal 7983)
   defining Unicode char U+1F30 (decimal 7984)
   defining Unicode char U+1F31 (decimal 7985)
   defining Unicode char U+1F32 (decimal 7986)
   defining Unicode char U+1F33 (decimal 7987)
   defining Unicode char U+1F34 (decimal 7988)
   defining Unicode char U+1F35 (decimal 7989)
   defining Unicode char U+1F36 (decimal 7990)
   defining Unicode char U+1F37 (decimal 7991)
   defining Unicode char U+1F38 (decimal 7992)
   defining Unicode char U+1F39 (decimal 7993)
   defining Unicode char U+1F3A (decimal 7994)
   defining Unicode char U+1F3B (decimal 7995)
   defining Unicode char U+1F3C (decimal 7996)
   defining Unicode char U+1F3D (decimal 7997)
   defining Unicode char U+1F3E (decimal 7998)
   defining Unicode char U+1F3F (decimal 7999)
   defining Unicode char U+1F40 (decimal 8000)
   defining Unicode char U+1F41 (decimal 8001)
   defining Unicode char U+1F42 (decimal 8002)
   defining Unicode char U+1F43 (decimal 8003)
   defining Unicode char U+1F44 (decimal 8004)
   defining Unicode char U+1F45 (decimal 8005)
   defining Unicode char U+1F48 (decimal 8008)
   defining Unicode char U+1F49 (decimal 8009)
   defining Unicode char U+1F4A (decimal 8010)
   defining Unicode char U+1F4B (decimal 8011)
   defining Unicode char U+1F4C (decimal 8012)
   defining Unicode char U+1F4D (decimal 8013)
   defining Unicode char U+1F50 (decimal 8016)
   defining Unicode char U+1F51 (decimal 8017)
   defining Unicode char U+1F52 (decimal 8018)
   defining Unicode char U+1F53 (decimal 8019)
   defining Unicode char U+1F54 (decimal 8020)
   defining Unicode char U+1F55 (decimal 8021)
   defining Unicode char U+1F56 (decimal 8022)
   defining Unicode char U+1F57 (decimal 8023)
   defining Unicode char U+1F59 (decimal 8025)
   defining Unicode char U+1F5B (decimal 8027)
   defining Unicode char U+1F5D (decimal 8029)
   defining Unicode char U+1F5F (decimal 8031)
   defining Unicode char U+1F60 (decimal 8032)
   defining Unicode char U+1F61 (decimal 8033)
   defining Unicode char U+1F62 (decimal 8034)
   defining Unicode char U+1F63 (decimal 8035)
   defining Unicode char U+1F64 (decimal 8036)
   defining Unicode char U+1F65 (decimal 8037)
   defining Unicode char U+1F66 (decimal 8038)
   defining Unicode char U+1F67 (decimal 8039)
   defining Unicode char U+1F68 (decimal 8040)
   defining Unicode char U+1F69 (decimal 8041)
   defining Unicode char U+1F6A (decimal 8042)
   defining Unicode char U+1F6B (decimal 8043)
   defining Unicode char U+1F6C (decimal 8044)
   defining Unicode char U+1F6D (decimal 8045)
   defining Unicode char U+1F6E (decimal 8046)
   defining Unicode char U+1F6F (decimal 8047)
   defining Unicode char U+1F70 (decimal 8048)
   defining Unicode char U+1F71 (decimal 8049)
   defining Unicode char U+1F72 (decimal 8050)
   defining Unicode char U+1F73 (decimal 8051)
   defining Unicode char U+1F74 (decimal 8052)
   defining Unicode char U+1F75 (decimal 8053)
   defining Unicode char U+1F76 (decimal 8054)
   defining Unicode char U+1F77 (decimal 8055)
   defining Unicode char U+1F78 (decimal 8056)
   defining Unicode char U+1F79 (decimal 8057)
   defining Unicode char U+1F7A (decimal 8058)
   defining Unicode char U+1F7B (decimal 8059)
   defining Unicode char U+1F7C (decimal 8060)
   defining Unicode char U+1F7D (decimal 8061)
   defining Unicode char U+1F80 (decimal 8064)
   defining Unicode char U+1F81 (decimal 8065)
   defining Unicode char U+1F82 (decimal 8066)
   defining Unicode char U+1F83 (decimal 8067)
   defining Unicode char U+1F84 (decimal 8068)
   defining Unicode char U+1F85 (decimal 8069)
   defining Unicode char U+1F86 (decimal 8070)
   defining Unicode char U+1F87 (decimal 8071)
   defining Unicode char U+1F88 (decimal 8072)
   defining Unicode char U+1F89 (decimal 8073)
   defining Unicode char U+1F8A (decimal 8074)
   defining Unicode char U+1F8B (decimal 8075)
   defining Unicode char U+1F8C (decimal 8076)
   defining Unicode char U+1F8D (decimal 8077)
   defining Unicode char U+1F8E (decimal 8078)
   defining Unicode char U+1F8F (decimal 8079)
   defining Unicode char U+1F90 (decimal 8080)
   defining Unicode char U+1F91 (decimal 8081)
   defining Unicode char U+1F92 (decimal 8082)
   defining Unicode char U+1F93 (decimal 8083)
   defining Unicode char U+1F94 (decimal 8084)
   defining Unicode char U+1F95 (decimal 8085)
   defining Unicode char U+1F96 (decimal 8086)
   defining Unicode char U+1F97 (decimal 8087)
   defining Unicode char U+1F98 (decimal 8088)
   defining Unicode char U+1F99 (decimal 8089)
   defining Unicode char U+1F9A (decimal 8090)
   defining Unicode char U+1F9B (decimal 8091)
   defining Unicode char U+1F9C (decimal 8092)
   defining Unicode char U+1F9D (decimal 8093)
   defining Unicode char U+1F9E (decimal 8094)
   defining Unicode char U+1F9F (decimal 8095)
   defining Unicode char U+1FA0 (decimal 8096)
   defining Unicode char U+1FA1 (decimal 8097)
   defining Unicode char U+1FA2 (decimal 8098)
   defining Unicode char U+1FA3 (decimal 8099)
   defining Unicode char U+1FA4 (decimal 8100)
   defining Unicode char U+1FA5 (decimal 8101)
   defining Unicode char U+1FA6 (decimal 8102)
   defining Unicode char U+1FA7 (decimal 8103)
   defining Unicode char U+1FA8 (decimal 8104)
   defining Unicode char U+1FA9 (decimal 8105)
   defining Unicode char U+1FAA (decimal 8106)
   defining Unicode char U+1FAB (decimal 8107)
   defining Unicode char U+1FAC (decimal 8108)
   defining Unicode char U+1FAD (decimal 8109)
   defining Unicode char U+1FAE (decimal 8110)
   defining Unicode char U+1FAF (decimal 8111)
   defining Unicode char U+1FB0 (decimal 8112)
   defining Unicode char U+1FB1 (decimal 8113)
   defining Unicode char U+1FB2 (decimal 8114)
   defining Unicode char U+1FB3 (decimal 8115)
   defining Unicode char U+1FB4 (decimal 8116)
   defining Unicode char U+1FB6 (decimal 8118)
   defining Unicode char U+1FB7 (decimal 8119)
   defining Unicode char U+1FB8 (decimal 8120)
   defining Unicode char U+1FB9 (decimal 8121)
   defining Unicode char U+1FBA (decimal 8122)
   defining Unicode char U+1FBB (decimal 8123)
   defining Unicode char U+1FBC (decimal 8124)
   defining Unicode char U+1FBD (decimal 8125)
   defining Unicode char U+1FBE (decimal 8126)
   defining Unicode char U+1FBF (decimal 8127)
   defining Unicode char U+1FC0 (decimal 8128)
   defining Unicode char U+1FC1 (decimal 8129)
   defining Unicode char U+1FC2 (decimal 8130)
   defining Unicode char U+1FC3 (decimal 8131)
   defining Unicode char U+1FC4 (decimal 8132)
   defining Unicode char U+1FC6 (decimal 8134)
   defining Unicode char U+1FC7 (decimal 8135)
   defining Unicode char U+1FC8 (decimal 8136)
   defining Unicode char U+1FC9 (decimal 8137)
   defining Unicode char U+1FCA (decimal 8138)
   defining Unicode char U+1FCB (decimal 8139)
   defining Unicode char U+1FCC (decimal 8140)
   defining Unicode char U+1FCD (decimal 8141)
   defining Unicode char U+1FCE (decimal 8142)
   defining Unicode char U+1FCF (decimal 8143)
   defining Unicode char U+1FD0 (decimal 8144)
   defining Unicode char U+1FD1 (decimal 8145)
   defining Unicode char U+1FD2 (decimal 8146)
   defining Unicode char U+1FD3 (decimal 8147)
   defining Unicode char U+1FD6 (decimal 8150)
   defining Unicode char U+1FD7 (decimal 8151)
   defining Unicode char U+1FD8 (decimal 8152)
   defining Unicode char U+1FD9 (decimal 8153)
   defining Unicode char U+1FDA (decimal 8154)
   defining Unicode char U+1FDB (decimal 8155)
   defining Unicode char U+1FDD (decimal 8157)
   defining Unicode char U+1FDE (decimal 8158)
   defining Unicode char U+1FDF (decimal 8159)
   defining Unicode char U+1FE0 (decimal 8160)
   defining Unicode char U+1FE1 (decimal 8161)
   defining Unicode char U+1FE2 (decimal 8162)
   defining Unicode char U+1FE3 (decimal 8163)
   defining Unicode char U+1FE4 (decimal 8164)
   defining Unicode char U+1FE5 (decimal 8165)
   defining Unicode char U+1FE6 (decimal 8166)
   defining Unicode char U+1FE7 (decimal 8167)
   defining Unicode char U+1FE8 (decimal 8168)
   defining Unicode char U+1FE9 (decimal 8169)
   defining Unicode char U+1FEA (decimal 8170)
   defining Unicode char U+1FEB (decimal 8171)
   defining Unicode char U+1FEC (decimal 8172)
   defining Unicode char U+1FED (decimal 8173)
   defining Unicode char U+1FEE (decimal 8174)
   defining Unicode char U+1FEF (decimal 8175)
   defining Unicode char U+1FF2 (decimal 8178)
   defining Unicode char U+1FF3 (decimal 8179)
   defining Unicode char U+1FF4 (decimal 8180)
   defining Unicode char U+1FF6 (decimal 8182)
   defining Unicode char U+1FF7 (decimal 8183)
   defining Unicode char U+1FF8 (decimal 8184)
   defining Unicode char U+1FF9 (decimal 8185)
   defining Unicode char U+1FFA (decimal 8186)
   defining Unicode char U+1FFB (decimal 8187)
   defining Unicode char U+1FFC (decimal 8188)
   defining Unicode char U+1FFD (decimal 8189)
   defining Unicode char U+1FFE (decimal 8190)
   defining Unicode char U+2013 (decimal 8211)
   defining Unicode char U+2014 (decimal 8212)
   defining Unicode char U+2018 (decimal 8216)
   defining Unicode char U+2019 (decimal 8217)
   defining Unicode char U+201A (decimal 8218)
   defining Unicode char U+2030 (decimal 8240)
   defining Unicode char U+2039 (decimal 8249)
   defining Unicode char U+203A (decimal 8250)
   defining Unicode char U+20AC (decimal 8364)
   defining Unicode char U+2126 (decimal 8486)
   defining Unicode char U+10144 (decimal 65860)
   defining Unicode char U+10145 (decimal 65861)
   defining Unicode char U+10146 (decimal 65862)
   defining Unicode char U+10147 (decimal 65863)
) (C:\Users\gwigg\AppData\Local\Programs\MiKTeX\tex/latex/greek-fontenc\greek-fontenc.def
File: greek-fontenc.def 2023-09-12 2.5 Common Greek font encoding definitions
LaTeX Encoding Info:    Ignoring declaration for text command \accACUTE (encoding LGR) on input line 251.
LaTeX Encoding Info:    Ignoring declaration for text command \accGRAVE (encoding LGR) on input line 259.
LaTeX Encoding Info:    Ignoring declaration for text command \accTILDE (encoding LGR) on input line 267.
))
Package textgreek Info: Loaded fontmap: {eur/*/*}{U/eur/*/*} {phv/*/*}{U/psy/*/*}. on input line 69.
) (C:\Users\gwigg\AppData\Local\Programs\MiKTeX\tex/latex/matlab-prettifier\matlab-prettifier.sty
Package: matlab-prettifier 2014/06/19 v0.3 A package for prettyprinting Matlab source code
 (C:\Users\gwigg\AppData\Local\Programs\MiKTeX\tex/latex/base\textcomp.sty
Package: textcomp 2024/04/24 v2.1b Standard LaTeX package
)
\netBracketCount@mlpr=\count330
\blkLvl@mlpr=\count331
\blkLvlAtClassdef@mlpr=\count332
\emHeight@mlpr=\skip53
\jayDepth@mlpr=\skip54
\sectionRuleOffset@mlpr=\skip55
\toks@mlpr=\toks39
) (C:\Users\gwigg\AppData\Local\Programs\MiKTeX\tex/latex/import\import.sty
Package: import 2020/04/01  v 6.2
) (C:\Users\gwigg\AppData\Local\Programs\MiKTeX\tex/latex/pgfplots\pgfplots.sty (C:\Users\gwigg\AppData\Local\Programs\MiKTeX\tex/generic/pgfplots\pgfplots.revision.tex)
Package: pgfplots 2021/05/15 v1.18.1 Data Visualization (1.18.1)
 (C:\Users\gwigg\AppData\Local\Programs\MiKTeX\tex/generic/pgfplots\pgfplots.code.tex (C:\Users\gwigg\AppData\Local\Programs\MiKTeX\tex/generic/pgfplots\pgfplotscore.code.tex
\t@pgfplots@toka=\toks40
\t@pgfplots@tokb=\toks41
\t@pgfplots@tokc=\toks42
\pgfplots@tmpa=\dimen323
\c@pgfplots@coordindex=\count333
\c@pgfplots@scanlineindex=\count334
 (C:\Users\gwigg\AppData\Local\Programs\MiKTeX\tex/generic/pgfplots/sys\pgfplotssysgeneric.code.tex)) (C:\Users\gwigg\AppData\Local\Programs\MiKTeX\tex/generic/pgfplots/libs\pgfplotslibrary.code.tex)
(C:\Users\gwigg\AppData\Local\Programs\MiKTeX\tex/generic/pgfplots/oldpgfcompatib\pgfplotsoldpgfsupp_loader.code.tex
Package pgfplots: loading complementary utilities for your pgf version...
\t@pgf@toka=\toks43
\t@pgf@tokb=\toks44
\t@pgf@tokc=\toks45
(C:\Users\gwigg\AppData\Local\Programs\MiKTeX\tex/generic/pgfplots/oldpgfcompatib\pgfplotsoldpgfsupp_pgfutil-common-lists.tex)) (C:\Users\gwigg\AppData\Local\Programs\MiKTeX\tex/generic/pgfplots/util\pgfplotsutil.code.tex (C:\Users\gwigg\AppData\Local\Programs\MiKTeX\tex/generic/pgfplots/liststructure\pgfplotsliststructure.code.tex) (C:\Users\gwigg\AppData\Local\Programs\MiKTeX\tex/generic/pgfplots/liststructure\pgfplotsliststructureext.code.tex) (C:\Users\gwigg\AppData\Local\Programs\MiKTeX\tex/generic/pgfplots/liststructure\pgfplotsarray.code.tex
\c@pgfplotsarray@tmp=\count335
) (C:\Users\gwigg\AppData\Local\Programs\MiKTeX\tex/generic/pgfplots/liststructure\pgfplotsmatrix.code.tex) (C:\Users\gwigg\AppData\Local\Programs\MiKTeX\tex/generic/pgfplots/numtable\pgfplotstableshared.code.tex
\c@pgfplotstable@counta=\count336
\t@pgfplotstable@a=\toks46
) (C:\Users\gwigg\AppData\Local\Programs\MiKTeX\tex/generic/pgfplots/liststructure\pgfplotsdeque.code.tex) (C:\Users\gwigg\AppData\Local\Programs\MiKTeX\tex/generic/pgfplots/util\pgfplotsbinary.code.tex (C:\Users\gwigg\AppData\Local\Programs\MiKTeX\tex/generic/pgfplots/util\pgfplotsbinary.data.code.tex)) (C:\Users\gwigg\AppData\Local\Programs\MiKTeX\tex/generic/pgfplots/util\pgfplotsutil.verb.code.tex) (C:\Users\gwigg\AppData\Local\Programs\MiKTeX\tex/generic/pgfplots/libs\pgflibrarypgfplots.surfshading.code.tex
\c@pgfplotslibrarysurf@no=\count337
 (C:\Users\gwigg\AppData\Local\Programs\MiKTeX\tex/generic/pgfplots/sys\pgflibrarypgfplots.surfshading.pgfsys-pdftex.def))) (C:\Users\gwigg\AppData\Local\Programs\MiKTeX\tex/generic/pgfplots/util\pgfplotscolormap.code.tex (C:\Users\gwigg\AppData\Local\Programs\MiKTeX\tex/generic/pgfplots/util\pgfplotscolor.code.tex)) (C:\Users\gwigg\AppData\Local\Programs\MiKTeX\tex/generic/pgfplots\pgfplotsstackedplots.code.tex) (C:\Users\gwigg\AppData\Local\Programs\MiKTeX\tex/generic/pgfplots\pgfplotsplothandlers.code.tex (C:\Users\gwigg\AppData\Local\Programs\MiKTeX\tex/generic/pgfplots\pgfplotsmeshplothandler.code.tex (C:\Users\gwigg\AppData\Local\Programs\MiKTeX\tex/generic/pgfplots\pgfplotsmeshplotimage.code.tex))) (C:\Users\gwigg\AppData\Local\Programs\MiKTeX\tex/generic/pgfplots\pgfplots.scaling.code.tex) (C:\Users\gwigg\AppData\Local\Programs\MiKTeX\tex/generic/pgfplots\pgfplotscoordprocessing.code.tex) (C:\Users\gwigg\AppData\Local\Programs\MiKTeX\tex/generic/pgfplots\pgfplots.errorbars.code.tex) (C:\Users\gwigg\AppData\Local\Programs\MiKTeX\tex/generic/pgfplots\pgfplots.markers.code.tex) (C:\Users\gwigg\AppData\Local\Programs\MiKTeX\tex/generic/pgfplots\pgfplotsticks.code.tex) (C:\Users\gwigg\AppData\Local\Programs\MiKTeX\tex/generic/pgfplots\pgfplots.paths.code.tex) (C:\Users\gwigg\AppData\Local\Programs\MiKTeX\tex/generic/pgf/frontendlayer/tikz/libraries\tikzlibrarydecorations.code.tex (C:\Users\gwigg\AppData\Local\Programs\MiKTeX\tex/generic/pgf/modules\pgfmoduledecorations.code.tex
\pgfdecoratedcompleteddistance=\dimen324
\pgfdecoratedremainingdistance=\dimen325
\pgfdecoratedinputsegmentcompleteddistance=\dimen326
\pgfdecoratedinputsegmentremainingdistance=\dimen327
\pgf@decorate@distancetomove=\dimen328
\pgf@decorate@repeatstate=\count338
\pgfdecorationsegmentamplitude=\dimen329
\pgfdecorationsegmentlength=\dimen330
)
\tikz@lib@dec@box=\box72
) (C:\Users\gwigg\AppData\Local\Programs\MiKTeX\tex/generic/pgf/frontendlayer/tikz/libraries\tikzlibrarydecorations.pathmorphing.code.tex (C:\Users\gwigg\AppData\Local\Programs\MiKTeX\tex/generic/pgf/libraries/decorations\pgflibrarydecorations.pathmorphing.code.tex)) (C:\Users\gwigg\AppData\Local\Programs\MiKTeX\tex/generic/pgf/frontendlayer/tikz/libraries\tikzlibrarydecorations.pathreplacing.code.tex (C:\Users\gwigg\AppData\Local\Programs\MiKTeX\tex/generic/pgf/libraries/decorations\pgflibrarydecorations.pathreplacing.code.tex)) (C:\Users\gwigg\AppData\Local\Programs\MiKTeX\tex/generic/pgfplots/libs\tikzlibrarypgfplots.contourlua.code.tex)
\pgfplots@numplots=\count339
\pgfplots@xmin@reg=\dimen331
\pgfplots@xmax@reg=\dimen332
\pgfplots@ymin@reg=\dimen333
\pgfplots@ymax@reg=\dimen334
\pgfplots@zmin@reg=\dimen335
\pgfplots@zmax@reg=\dimen336
) (C:\Users\gwigg\AppData\Local\Programs\MiKTeX\tex/generic/pgf/frontendlayer/tikz/libraries\tikzlibraryplotmarks.code.tex
File: tikzlibraryplotmarks.code.tex 2025-08-29 v3.1.11a (3.1.11a)
 (C:\Users\gwigg\AppData\Local\Programs\MiKTeX\tex/generic/pgf/libraries\pgflibraryplotmarks.code.tex
File: pgflibraryplotmarks.code.tex 2025-08-29 v3.1.11a (3.1.11a)
))) (C:\Users\gwigg\AppData\Local\Programs\MiKTeX\tex/latex/pgfplots\pgfplotstable.sty (C:\Users\gwigg\AppData\Local\Programs\MiKTeX\tex/generic/pgfplots\pgfplots.revision.tex)
Package: pgfplotstable 2021/05/15 v1.18.1 Table typesetting and Pretty-printing (1.18.1)
 (C:\Users\gwigg\AppData\Local\Programs\MiKTeX\tex/generic/pgfplots/numtable\pgfplotstable.code.tex (C:\Users\gwigg\AppData\Local\Programs\MiKTeX\tex/generic/pgfplots/numtable\pgfplotstable.coltype.code.tex))) (C:\Users\gwigg\AppData\Local\Programs\MiKTeX\tex/generic/pgfplots/libs\tikzlibrarypgfplots.groupplots.code.tex
\pgfplots@group@current@plot=\count340
\pgfplots@group@current@row=\count341
\pgfplots@group@current@column=\count342
) (C:\Users\gwigg\AppData\Local\Programs\MiKTeX\tex/generic/pgfplots/libs\tikzlibrarypgfplots.dateplot.code.tex (C:\Users\gwigg\AppData\Local\Programs\MiKTeX\tex/latex/pgf/utilities\pgfcalendar.sty (C:\Users\gwigg\AppData\Local\Programs\MiKTeX\tex/generic/pgf/utilities\pgfcalendar.code.tex
File: pgfcalendar.code.tex 2025-08-29 v3.1.11a (3.1.11a)
\pgfcalendarcurrentjulian=\count343
\pgf@cal@easter@Y=\count344
\pgf@cal@easter@G=\count345
\pgf@cal@easter@C=\count346
\pgf@cal@easter@X=\count347
\pgf@cal@easter@Z=\count348
\pgf@cal@easter@D=\count349
\pgf@cal@easter@E=\count350
\pgf@cal@easter@N=\count351
\pgf@cal@easter@M=\count352
\pgf@cal@easter@julianday=\count353
))) (C:\Users\gwigg\AppData\Local\Programs\MiKTeX\tex/latex/base\ifthen.sty
Package: ifthen 2024/03/16 v1.1e Standard LaTeX ifthen package (DPC)
) (sub/_definitions/definitions_mci.tex (C:\Users\gwigg\AppData\Local\Programs\MiKTeX\tex/latex/fancyhdr\fancyhdr.sty
Package: fancyhdr 2025/02/07 v5.2 Extensive control of page headers and footers
\f@nch@headwidth=\skip56
\f@nch@offset@elh=\skip57
\f@nch@offset@erh=\skip58
\f@nch@offset@olh=\skip59
\f@nch@offset@orh=\skip60
\f@nch@offset@elf=\skip61
\f@nch@offset@erf=\skip62
\f@nch@offset@olf=\skip63
\f@nch@offset@orf=\skip64
\f@nch@height=\skip65
\f@nch@footalignment=\skip66
\f@nch@widthL=\skip67
\f@nch@widthC=\skip68
\f@nch@widthR=\skip69
\@temptokenb=\toks47
) (C:\Users\gwigg\AppData\Local\Programs\MiKTeX\tex/latex/wallpaper\wallpaper.sty
Package: wallpaper 2005/01/18, v1.01 easy wallpaper formatting (MHFW)
 (C:\Users\gwigg\AppData\Local\Programs\MiKTeX\tex/latex/tools\calc.sty
Package: calc 2025/03/01 v4.3b Infix arithmetic (KKT,FJ)
\calc@Acount=\count354
\calc@Bcount=\count355
\calc@Adimen=\dimen337
\calc@Bdimen=\dimen338
\calc@Askip=\skip70
\calc@Bskip=\skip71
LaTeX Info: Redefining \setlength on input line 86.
LaTeX Info: Redefining \addtolength on input line 87.
\calc@Ccount=\count356
\calc@Cskip=\skip72
) (C:\Users\gwigg\AppData\Local\Programs\MiKTeX\tex/latex/eso-pic\eso-pic.sty
Package: eso-pic 2023/05/03 v3.0c eso-pic (RN)
\ESO@tempdima=\dimen339
\ESO@tempdimb=\dimen340
)
\wpXoffset=\skip73
\wpYoffset=\skip74
\tileXoffset=\skip75
\tileYoffset=\skip76
\tilewidth=\skip77
\tileheight=\skip78
\tileX=\skip79
\tileY=\skip80
) (C:\Users\gwigg\AppData\Local\Programs\MiKTeX\tex/latex/hyperref\hyperref.sty
Package: hyperref 2025-07-12 v7.01o Hypertext links for LaTeX
 (C:\Users\gwigg\AppData\Local\Programs\MiKTeX\tex/latex/kvsetkeys\kvsetkeys.sty
Package: kvsetkeys 2022-10-05 v1.19 Key value parser (HO)
) (C:\Users\gwigg\AppData\Local\Programs\MiKTeX\tex/generic/kvdefinekeys\kvdefinekeys.sty
Package: kvdefinekeys 2019-12-19 v1.6 Define keys (HO)
) (C:\Users\gwigg\AppData\Local\Programs\MiKTeX\tex/generic/pdfescape\pdfescape.sty
Package: pdfescape 2019/12/09 v1.15 Implements pdfTeX's escape features (HO)
 (C:\Users\gwigg\AppData\Local\Programs\MiKTeX\tex/generic/ltxcmds\ltxcmds.sty
Package: ltxcmds 2023-12-04 v1.26 LaTeX kernel commands for general use (HO)
) (C:\Users\gwigg\AppData\Local\Programs\MiKTeX\tex/generic/pdftexcmds\pdftexcmds.sty
Package: pdftexcmds 2020-06-27 v0.33 Utility functions of pdfTeX for LuaTeX (HO)
 (C:\Users\gwigg\AppData\Local\Programs\MiKTeX\tex/generic/infwarerr\infwarerr.sty
Package: infwarerr 2019/12/03 v1.5 Providing info/warning/error messages (HO)
)
Package pdftexcmds Info: \pdf@primitive is available.
Package pdftexcmds Info: \pdf@ifprimitive is available.
Package pdftexcmds Info: \pdfdraftmode found.
)) (C:\Users\gwigg\AppData\Local\Programs\MiKTeX\tex/latex/hycolor\hycolor.sty
Package: hycolor 2020-01-27 v1.10 Color options for hyperref/bookmark (HO)
) (C:\Users\gwigg\AppData\Local\Programs\MiKTeX\tex/latex/hyperref\nameref.sty
Package: nameref 2025-06-21 v2.57 Cross-referencing by name of section
 (C:\Users\gwigg\AppData\Local\Programs\MiKTeX\tex/latex/refcount\refcount.sty
Package: refcount 2019/12/15 v3.6 Data extraction from label references (HO)
) (C:\Users\gwigg\AppData\Local\Programs\MiKTeX\tex/generic/gettitlestring\gettitlestring.sty
Package: gettitlestring 2019/12/15 v1.6 Cleanup title references (HO)
 (C:\Users\gwigg\AppData\Local\Programs\MiKTeX\tex/latex/kvoptions\kvoptions.sty
Package: kvoptions 2022-06-15 v3.15 Key value format for package options (HO)
))
\c@section@level=\count357
) (C:\Users\gwigg\AppData\Local\Programs\MiKTeX\tex/latex/etoolbox\etoolbox.sty
Package: etoolbox 2025/10/02 v2.5m e-TeX tools for LaTeX (JAW)
\etb@tempcnta=\count358
) (C:\Users\gwigg\AppData\Local\Programs\MiKTeX\tex/generic/stringenc\stringenc.sty
Package: stringenc 2019/11/29 v1.12 Convert strings between diff. encodings (HO)
)
\@linkdim=\dimen341
\Hy@linkcounter=\count359
\Hy@pagecounter=\count360
 (C:\Users\gwigg\AppData\Local\Programs\MiKTeX\tex/latex/hyperref\pd1enc.def
File: pd1enc.def 2025-07-12 v7.01o Hyperref: PDFDocEncoding definition (HO)
Now handling font encoding PD1 ...
... no UTF-8 mapping file for font encoding PD1
) (C:\Users\gwigg\AppData\Local\Programs\MiKTeX\tex/generic/intcalc\intcalc.sty
Package: intcalc 2019/12/15 v1.3 Expandable calculations with integers (HO)
)
\Hy@SavedSpaceFactor=\count361
 (C:\Users\gwigg\AppData\Local\Programs\MiKTeX\tex/latex/hyperref\puenc.def
File: puenc.def 2025-07-12 v7.01o Hyperref: PDF Unicode definition (HO)
Now handling font encoding PU ...
... no UTF-8 mapping file for font encoding PU
 (C:\Users\gwigg\AppData\Local\Programs\MiKTeX\tex/latex/greek-fontenc\puenc-greek.def
File: puenc-greek.def 2023-09-12 2.5 Greek LICRs for PDF strings
 (C:\Users\gwigg\AppData\Local\Programs\MiKTeX\tex/latex/greek-fontenc\greek-fontenc.def
File: greek-fontenc.def 2023-09-12 2.5 Common Greek font encoding definitions
)
LaTeX Encoding Info:    Redeclaring text command \textmu (encoding PU) on input line 179.
)
LaTeX Encoding Info:    Redeclaring text command \textohm (encoding PU) on input line 1176.
)
Package hyperref Info: Option `colorlinks' set `true' on input line 4066.
Package hyperref Info: Hyper figures OFF on input line 4195.
Package hyperref Info: Link nesting OFF on input line 4200.
Package hyperref Info: Hyper index ON on input line 4203.
Package hyperref Info: Plain pages OFF on input line 4210.
Package hyperref Info: Backreferencing OFF on input line 4215.
Package hyperref Info: Implicit mode ON; LaTeX internals redefined.
Package hyperref Info: Bookmarks ON on input line 4462.
\c@Hy@tempcnt=\count362
 (C:\Users\gwigg\AppData\Local\Programs\MiKTeX\tex/latex/url\url.sty
\Urlmuskip=\muskip17
Package: url 2013/09/16  ver 3.4  Verb mode for urls, etc.
)
LaTeX Info: Redefining \url on input line 4801.
\XeTeXLinkMargin=\dimen342
 (C:\Users\gwigg\AppData\Local\Programs\MiKTeX\tex/generic/bitset\bitset.sty
Package: bitset 2019/12/09 v1.3 Handle bit-vector datatype (HO)
 (C:\Users\gwigg\AppData\Local\Programs\MiKTeX\tex/generic/bigintcalc\bigintcalc.sty
Package: bigintcalc 2019/12/15 v1.5 Expandable calculations on big integers (HO)
))
\Fld@menulength=\count363
\Field@Width=\dimen343
\Fld@charsize=\dimen344
Package hyperref Info: Hyper figures OFF on input line 6078.
Package hyperref Info: Link nesting OFF on input line 6083.
Package hyperref Info: Hyper index ON on input line 6086.
Package hyperref Info: backreferencing OFF on input line 6093.
Package hyperref Info: Link coloring ON on input line 6096.
Package hyperref Info: Link coloring with OCG OFF on input line 6103.
Package hyperref Info: PDF/A mode OFF on input line 6108.
\Hy@abspage=\count364
\c@Item=\count365
\c@Hfootnote=\count366
)
Package hyperref Info: Driver (autodetected): hpdftex.
 (C:\Users\gwigg\AppData\Local\Programs\MiKTeX\tex/latex/hyperref\hpdftex.def
File: hpdftex.def 2025-07-12 v7.01o Hyperref driver for pdfTeX
\Fld@listcount=\count367
\c@bookmark@seq@number=\count368
 (C:\Users\gwigg\AppData\Local\Programs\MiKTeX\tex/latex/rerunfilecheck\rerunfilecheck.sty
Package: rerunfilecheck 2025-06-21 v1.11 Rerun checks for auxiliary files (HO)
 (C:\Users\gwigg\AppData\Local\Programs\MiKTeX\tex/generic/uniquecounter\uniquecounter.sty
Package: uniquecounter 2019/12/15 v1.4 Provide unlimited unique counter (HO)
)
Package uniquecounter Info: New unique counter `rerunfilecheck' on input line 284.
)
\Hy@SectionHShift=\skip81
) (C:\Users\gwigg\AppData\Local\Programs\MiKTeX\tex/latex/epstopdf-pkg\epstopdf.sty
Package: epstopdf 2020-01-24 v2.11 Conversion with epstopdf on the fly (HO)
 (C:\Users\gwigg\AppData\Local\Programs\MiKTeX\tex/latex/grfext\grfext.sty
Package: grfext 2019/12/03 v1.3 Manage graphics extensions (HO)
) (C:\Users\gwigg\AppData\Local\Programs\MiKTeX\tex/latex/epstopdf-pkg\epstopdf-base.sty
Package: epstopdf-base 2020-01-24 v2.11 Base part for package epstopdf
Package epstopdf-base Info: Redefining graphics rule for `.eps' on input line 485.
Package grfext Info: Graphics extension search list:
(grfext)             [.pdf,.png,.jpg,.mps,.jpeg,.jbig2,.jb2,.PDF,.PNG,.JPG,.JPEG,.JBIG2,.JB2,.eps]
(grfext)             \AppendGraphicsExtensions on input line 504.
 (C:\Users\gwigg\AppData\Local\Programs\MiKTeX\tex/latex/00miktex\epstopdf-sys.cfg
File: epstopdf-sys.cfg 2021/03/18 v2.0 Configuration of epstopdf for MiKTeX
))) (C:\Users\gwigg\AppData\Local\Programs\MiKTeX\tex/latex/pstricks\pst-all.sty
Package: pst-all 2008/01/01 the main pstricks tools
 (C:\Users\gwigg\AppData\Local\Programs\MiKTeX\tex/latex/pstricks\pstricks.sty
Package: pstricks 2024/02/02 v0.75 LaTeX wrapper for `PSTricks' (RN,HV)
 (C:\Users\gwigg\AppData\Local\Programs\MiKTeX\tex/generic/xkeyval\pst-xkey.tex
File: pst-xkey.tex 2005/11/25 v1.6 PSTricks specialization of xkeyval (HA)
 (C:\Users\gwigg\AppData\Local\Programs\MiKTeX\tex/latex/xkeyval\xkeyval.sty
Package: xkeyval 2022/06/16 v2.9 package option processing (HA)
 (C:\Users\gwigg\AppData\Local\Programs\MiKTeX\tex/generic/xkeyval\xkeyval.tex (C:\Users\gwigg\AppData\Local\Programs\MiKTeX\tex/generic/xkeyval\xkvutils.tex
\XKV@toks=\toks48
\XKV@tempa@toks=\toks49
)
\XKV@depth=\count369
File: xkeyval.tex 2014/12/03 v2.7a key=value parser (HA)
))) (C:\Users\gwigg\AppData\Local\Programs\MiKTeX\tex/generic/pstricks\pstricks.tex (C:\Users\gwigg\AppData\Local\Programs\MiKTeX\tex/generic/pstricks\pst-fp.tex `pst-fp' v0.06, 2020/11/20 (hv)
\pstFP@xs=\count370
\pstFP@xia=\count371
\pstFP@xib=\count372
\pstFP@xfa=\count373
\pstFP@xfb=\count374
\pstFP@rega=\count375
\pstFP@regb=\count376
\pstFP@regs=\count377
\pstFP@times=\count378
)
\psLoopIndex=\count379

`PSTricks' v3.22  <2025/06/11> (tvz,hv)
\pst@dima=\dimen345
\pst@dimb=\dimen346
\pst@dimc=\dimen347
\pst@dimd=\dimen348
\pst@dimg=\dimen349
\pst@dimh=\dimen350
\pst@dimm=\dimen351
\pst@dimn=\dimen352
\pst@dimo=\dimen353
\pst@dimp=\dimen354
\pst@hbox=\box73
\pst@ibox=\box74
\pst@boxg=\box75
\pst@cnta=\count380
\pst@cntb=\count381
\pst@cntc=\count382
\pst@cntd=\count383
\pst@cntg=\count384
\pst@cnth=\count385
\pst@cntm=\count386
\pst@cntn=\count387
\pst@cnto=\count388
\pst@cntp=\count389
\@zero=\count390
\pst@toks=\toks50
--- We are running latex or xelatex ---
(C:\Users\gwigg\AppData\Local\Programs\MiKTeX\tex/generic/pstricks\pstricks.con) (C:\Users\gwigg\AppData\Local\Programs\MiKTeX\tex/generic/pstricks\pstricks-color.tex)
\psunit=\dimen355
\psxunit=\dimen356
\psyunit=\dimen357
\pst@C@@rType=\count391
\pslinewidth=\dimen358
\psk@startLW=\dimen359
\psk@endLW=\dimen360
 (C:\Users\gwigg\AppData\Local\Programs\MiKTeX\tex/generic/pstricks\pstricks-arrows.tex
\pshooklength=\dimen361
\pshookwidth=\dimen362
)
\pst@customdefs=\toks51
 (C:\Users\gwigg\AppData\Local\Programs\MiKTeX\tex/generic/pstricks\pstricks-dots.tex)
\pslinearc=\dimen363
\pst@symbolStep=\dimen364
\pst@symbolWidth=\dimen365
\pst@symbolLinewidth=\dimen366
 (C:\Users\gwigg\AppData\Local\Programs\MiKTeX\tex/generic/pstricks\pst-code-grid.tex) (C:\Users\gwigg\AppData\Local\Programs\MiKTeX\tex/generic/pstricks\pst-code-box.tex
\everypsbox=\toks52
\psframesep=\dimen367
) (C:\Users\gwigg\AppData\Local\Programs\MiKTeX\tex/generic/pstricks\pst-code-arc.tex) (C:\Users\gwigg\AppData\Local\Programs\MiKTeX\tex/generic/pstricks\pst-code-circle_ellipse.tex) (C:\Users\gwigg\AppData\Local\Programs\MiKTeX\tex/generic/pstricks\pst-code-ref_rot.tex) (C:\Users\gwigg\AppData\Local\Programs\MiKTeX\tex/generic/pstricks\pst-code-put.tex
\pslabelsep=\dimen368
) (C:\Users\gwigg\AppData\Local\Programs\MiKTeX\tex/generic/pstricks\pst-code-pspicture.tex
\sh@wgridXunit=\dimen369
\sh@wgridYunit=\dimen370
\pst@shift=\dimen371
\ps@imagectr=\count392
) (C:\Users\gwigg\AppData\Local\Programs\MiKTeX\tex/generic/pstricks\pstricks.con))
File: pstricks.tex 2025/06/11 v3.22 `PSTricks' (tvz,hv)
 (C:\Users\gwigg\AppData\Local\Programs\MiKTeX\tex/generic/pstricks\pst-fp.tex `pst-fp' v0.06, 2020/11/20 (hv))
File: pst-fp.tex 2020/11/20 v0.06 `PST-fp' (hv)
) (C:\Users\gwigg\AppData\Local\Programs\MiKTeX\tex/latex/pst-plot\pst-plot.sty
Package: pst-plot 2011/06/05 v1.00 LaTeX wrapper for `pst-plot' (HV)
 (C:\Users\gwigg\AppData\Local\Programs\MiKTeX\tex/latex/xkeyval\pst-xkey.sty
Package: pst-xkey 2005/11/25 v1.6 package wrapper for pst-xkey.tex (HA)
) (C:\Users\gwigg\AppData\Local\Programs\MiKTeX\tex/latex/multido\multido.sty
Package: multido 2004/05/17 package wrapper for PSTricks `multido.tex', (HV/RN)
 (C:\Users\gwigg\AppData\Local\Programs\MiKTeX\tex/generic/multido\multido.tex  v1.42, 2010/05/14 <tvz>
\multido@count=\count393
\multidocount=\count394
\multido@stuff=\toks53
)
File: multido.tex 2010/05/14 v1.42 `multido' (tvz,hv)
)
Package: pst-plot 2021/09/23 package wrapper for pst-plot.tex (hv)
 (C:\Users\gwigg\AppData\Local\Programs\MiKTeX\tex/generic/pst-plot\pst-plot.tex (C:\Users\gwigg\AppData\Local\Programs\MiKTeX\tex/generic/pst-tools\pst-tools.tex `PST-tools' v0.12, 2021/09/23 (hv)
\randomi=\count395
\ranval=\count396
) (C:\Users\gwigg\AppData\Local\Programs\MiKTeX\tex/generic/pstricks-add\pstricks-add.tex (C:\Users\gwigg\AppData\Local\Programs\MiKTeX\tex/generic/pst-node\pst-node.tex  v1.44, 2024/07/04
\psrow=\count397
\pscol=\count398
\psmatrixcnt=\count399
\psrowsep=\skip82
\pscolsep=\skip83
\pst@args=\count400
\num@pts=\count401
\pst@argcnt=\count402
) (C:\Users\gwigg\AppData\Local\Programs\MiKTeX\tex/generic/pst-arrow\pst-arrow.tex `pst-arrow' v0.05, 2021/11/16 (dr,hv)) (C:\Users\gwigg\AppData\Local\Programs\MiKTeX\tex/generic/pst-3d\pst-3d.tex `PST-3d' v1.11, 2010/02/14 (tvz)) (C:\Users\gwigg\AppData\Local\Programs\MiKTeX\tex/generic/pst-math\pst-math.tex `pst-math' v0.67 , (CJ,hv)) `pstricks-add' v3.94, 2023/04/17 (dr,hv)
\psparallelogramsep=\dimen372
\pst@cntC=\count403
\pst@stepcount=\count404
\chart@ColorIndex=\dimen373
\chart@ColorStep=\dimen374
\pst@chartHeight=\dimen375
\pst@chartStackDepth=\dimen376
\pst@chartStackWidth=\dimen377
\chart@Toggle=\count405
\psVectorCtr=\count406
)  v1.94, 2022/11/21 (tvz,hv)
\pstRadUnit=\dimen378
\pstRadUnitInv=\dimen379
\pst@linecnt=\count407
\RCD@file=\read4
\psxlabelsep=\dimen380
\psylabelsep=\dimen381
\psk@subticksize=\dimen382
\pst@xticksizeA=\dimen383
\pst@xticksizeB=\dimen384
\pst@xticksizeC=\dimen385
\pst@yticksizeA=\dimen386
\pst@yticksizeB=\dimen387
\pst@yticksizeC=\dimen388
\@digitcounter=\count408
\psk@llx=\dimen389
\psk@lly=\dimen390
\psk@urx=\dimen391
\psk@ury=\dimen392
\pst@xunit=\dimen393
\pst@yunit=\dimen394
)
File: pst-plot.tex 2022/11/21 1.94 `pst-plot' (tvz,hv)
) (C:\Users\gwigg\AppData\Local\Programs\MiKTeX\tex/latex/pst-node\pst-node.sty
Package: pst-node 2012/09/18 v1.01 LaTeX wrapper for `pst-node' (HV)
Package: pst-node 2010/04/22 package wrapper for pst-node.tex
 (C:\Users\gwigg\AppData\Local\Programs\MiKTeX\tex/generic/pst-node\pst-node.tex)
File: pst-node.tex 2022/11/21 1.94 `pst-node' (tvz,hv)
) (C:\Users\gwigg\AppData\Local\Programs\MiKTeX\tex/latex/pst-tree\pst-tree.sty
Package: pst-tree 2009/01/25 package wrapper for pst-tree.tex
 (C:\Users\gwigg\AppData\Local\Programs\MiKTeX\tex/generic/pst-tree\pst-tree.tex  v1.14, 2021/09/04(tvz,dg,hv)
\pstree@rootbox=\box76
\pstree@box=\box77
\psnodecnt=\count409
\pstreelevel=\count410
\pstreecnt=\count411
\pstree@cnt=\count412
\pstree@stop=\count413
)
File: pst-tree.tex 2021/09/04 1.14 `pst-tree' (tvz,hv)
) (C:\Users\gwigg\AppData\Local\Programs\MiKTeX\tex/latex/pst-grad\pst-grad.sty
Package: pst-grad 2004/07/15 package wrapper for pst-grad.tex (hv)
 (C:\Users\gwigg\AppData\Local\Programs\MiKTeX\tex/generic/pst-grad\pst-grad.tex `pst-grad' v1.06, 2006/11/27 (tvz,dg,hv))
File: pst-grad.tex 2006/11/27 1.06 `pst-grad' (tvz)
) (C:\Users\gwigg\AppData\Local\Programs\MiKTeX\tex/latex/pst-coil\pst-coil.sty
Package: pst-coil 2010/02/01 package wrapper for pst-coil.tex (hv)
 (C:\Users\gwigg\AppData\Local\Programs\MiKTeX\tex/generic/pst-coil\pst-coil.tex  v1.06, 2006/11/27 (C:\Users\gwigg\AppData\Local\Programs\MiKTeX\tex/generic/pst-node\pst-node.tex))
File: pst-coil.tex 2024/08/13 v1.08 `PST-coil' (tvz,hv)
) (C:\Users\gwigg\AppData\Local\Programs\MiKTeX\tex/latex/pst-text\pst-text.sty
Package: pst-text 2018/12/28 package wrapper for pst-text.tex (hv)
 (C:\Users\gwigg\AppData\Local\Programs\MiKTeX\tex/generic/pst-text\pst-text.tex  v1.01, 2018/12/22(tvz,hv))
File: pst-text.tex 2018/12/22 1.01 `pst-text' (tvz)
) (C:\Users\gwigg\AppData\Local\Programs\MiKTeX\tex/latex/pst-3d\pst-3d.sty
Package: pst-3d 2009/07/28 package wrapper for pst-3d.tex (hv)
 (C:\Users\gwigg\AppData\Local\Programs\MiKTeX\tex/generic/pst-3d\pst-3d.tex)
File: pst-3d.tex 2018/12/22 v1.01 `PST-3d' (hv)
) (C:\Users\gwigg\AppData\Local\Programs\MiKTeX\tex/latex/pst-eps\pst-eps.sty
Package: pst-eps 2005/05/20 package wrapper for pst-eps.tex (hv)
 (C:\Users\gwigg\AppData\Local\Programs\MiKTeX\tex/generic/pst-eps\pst-eps.tex  v1.00, 2006/11/04
\pst@epsout=\write4
\pst@tempout=\write5
)
File: pst-eps.tex 2006/11/04 1.00 `pst-eps' (tvz)
) (C:\Users\gwigg\AppData\Local\Programs\MiKTeX\tex/latex/pst-fill\pst-fill.sty
Package: pst-fill 2010/03/20 package wrapper for pst-fill.tex (hv)
 (C:\Users\gwigg\AppData\Local\Programs\MiKTeX\tex/generic/pst-fill\pst-fill.tex `PST-Fill' v1.02, 2021/10/01 (tvz,dg,hv)
\pst@fillbox=\box78
)
File: pst-fill.tex 2021/10/01 v1.02 `PST-fill' (tvz,dg,hv)
) (C:\Users\gwigg\AppData\Local\Programs\MiKTeX\tex/latex/pstricks-add\pstricks-add.sty (C:\Users\gwigg\AppData\Local\Programs\MiKTeX\tex/latex/pst-math\pst-math.sty
Package: pst-math 2023/07/03 v 0.67 package wrapper for PSTricks pst-math.tex
 (C:\Users\gwigg\AppData\Local\Programs\MiKTeX\tex/latex/pst-calculate\pst-calculate.sty
Package: pst-calculate 2019/01/24 v. 0.02(Herbert Voss) Support for caculations with floating point numbers.
 (C:\Users\gwigg\AppData\Local\Programs\MiKTeX\tex/latex/l3packages/xparse\xparse.sty (C:\Users\gwigg\AppData\Local\Programs\MiKTeX\tex/latex/l3kernel\expl3.sty
Package: expl3 2025-11-06 L3 programming layer (loader) 
 (C:\Users\gwigg\AppData\Local\Programs\MiKTeX\tex/latex/l3backend\l3backend-pdftex.def
File: l3backend-pdftex.def 2025-10-09 L3 backend support: PDF output (pdfTeX)
\l__color_backend_stack_int=\count414
))
Package: xparse 2025-10-09 L3 Experimental document command parser
) (C:\Users\gwigg\AppData\Local\Programs\MiKTeX\tex/latex/siunitx\siunitx.sty
Package: siunitx 2025-07-09 v3.4.14 A comprehensive (SI) units package
\l__siunitx_number_uncert_offset_int=\count415
\l__siunitx_number_exponent_fixed_int=\count416
\l__siunitx_number_min_decimal_int=\count417
\l__siunitx_number_min_integer_int=\count418
\l__siunitx_number_round_precision_int=\count419
\l__siunitx_number_lower_threshold_int=\count420
\l__siunitx_number_upper_threshold_int=\count421
\l__siunitx_number_group_first_int=\count422
\l__siunitx_number_group_size_int=\count423
\l__siunitx_number_group_minimum_int=\count424
\l__siunitx_angle_tmp_dim=\dimen395
\l__siunitx_angle_marker_box=\box79
\l__siunitx_angle_unit_box=\box80
\l__siunitx_compound_count_int=\count425
 (C:\Users\gwigg\AppData\Local\Programs\MiKTeX\tex/latex/translations\translations.sty
Package: translations 2022/02/05 v1.12 internationalization of LaTeX2e packages (CN)
) (C:\Users\gwigg\AppData\Local\Programs\MiKTeX\tex/latex/amsmath\amstext.sty
Package: amstext 2024/11/17 v2.01 AMS text
 (C:\Users\gwigg\AppData\Local\Programs\MiKTeX\tex/latex/amsmath\amsgen.sty
File: amsgen.sty 1999/11/30 v2.0 generic functions
\@emptytoks=\toks54
\ex@=\dimen396
))
\l__siunitx_table_tmp_box=\box81
\l__siunitx_table_tmp_dim=\dimen397
\l__siunitx_table_column_width_dim=\dimen398
\l__siunitx_table_integer_box=\box82
\l__siunitx_table_decimal_box=\box83
\l__siunitx_table_uncert_box=\box84
\l__siunitx_table_before_box=\box85
\l__siunitx_table_after_box=\box86
\l__siunitx_table_before_dim=\dimen399
\l__siunitx_table_carry_dim=\dimen400
\l__siunitx_unit_tmp_int=\count426
\l__siunitx_unit_position_int=\count427
\l__siunitx_unit_total_int=\count428
)) (C:\Users\gwigg\AppData\Local\Programs\MiKTeX\tex/generic/iftex\ifluatex.sty
Package: ifluatex 2019/10/25 v1.5 ifluatex legacy package. Use iftex instead.
) (C:\Users\gwigg\AppData\Local\Programs\MiKTeX\tex/latex/xstring\xstring.sty (C:\Users\gwigg\AppData\Local\Programs\MiKTeX\tex/generic/xstring\xstring.tex
\xs_counta=\count429
\xs_countb=\count430
)
Package: xstring 2023/08/22 v1.86 String manipulations (CT)
) (C:\Users\gwigg\AppData\Local\Programs\MiKTeX\tex/generic/pst-math\pst-math.tex)
File: pst-math.tex 2021/10/01 v1.02 `PST-math' (hv)
\c@Rand@No=\count431
\c@Random@Left=\count432
\c@Random@Right=\count433
\c@Random@No@max=\count434
)
Package: pstricks-add 2021/09/10 v. 0.17 package wrapper for pstricks-add.tex (hv)
 (C:\Users\gwigg\AppData\Local\Programs\MiKTeX\tex/generic/pstricks-add\pstricks-add.tex)
File: pstricks-add.tex 2021/10/01 v1.02 `PSTricks-add' (hv)
)) (C:\Users\gwigg\AppData\Local\Programs\MiKTeX\tex/latex/base\exscale.sty
Package: exscale 2025/06/05 v2.1i Standard LaTeX package exscale
LaTeX Font Info:    Redeclaring symbol font `largesymbols' on input line 57.
LaTeX Font Info:    Overwriting symbol font `largesymbols' in version `normal'
(Font)                  OMX/cmex/m/n --> OMX/cmex/m/n on input line 57.
LaTeX Font Info:    Overwriting symbol font `largesymbols' in version `bold'
(Font)                  OMX/cmex/m/n --> OMX/cmex/m/n on input line 57.
\big@size=\dimen401
) (C:\Users\gwigg\AppData\Local\Programs\MiKTeX\tex/latex/relsize\relsize.sty
Package: relsize 2013/03/29 ver 4.1
) (C:\Users\gwigg\AppData\Local\Programs\MiKTeX\tex/latex/psfrag\psfrag.sty
Package: psfrag 1998/04/11 v3.04 PSfrag (MCG)
\pfg@pcount=\count435
\pfg@scount=\count436
\pfg@temp=\write6
) (C:\Users\gwigg\AppData\Local\Programs\MiKTeX\tex/latex/caption\subcaption.sty
Package: subcaption 2023/07/28 v1.6b Sub-captions (AR)
Package caption Info: New subtype `subfigure' on input line 238.
\c@subfigure=\count437
Package caption Info: New subtype `subtable' on input line 238.
\c@subtable=\count438
) (C:\Users\gwigg\AppData\Local\Programs\MiKTeX\tex/latex/overpic\overpic.sty
Package: overpic 2024/01/06 2.1 picture overlays (RN)
 (C:\Users\gwigg\AppData\Local\Programs\MiKTeX\tex/latex/eepic\epic.sty
Enhancements to Picture Environment. Version 1.2 - Released June 1, 1986
\@@multicnt=\count439
\d@lta=\count440
\@delta=\dimen402
\@@delta=\dimen403
\@gridcnt=\count441
\@joinkind=\count442
\@dotgap=\dimen404
\@ddotgap=\dimen405
\@x@diff=\count443
\@y@diff=\count444
\x@diff=\dimen406
\y@diff=\dimen407
\@dotbox=\box87
\num@segments=\count445
\num@segmentsi=\count446
\@datafile=\read5
)
\OVP@box=\box88
) (C:\Users\gwigg\AppData\Local\Programs\MiKTeX\tex/latex/tcolorbox\tcolorbox.sty
Package: tcolorbox 2025/09/09 version 6.8.0 text color boxes
 (C:\Users\gwigg\AppData\Local\Programs\MiKTeX\tex/latex/tools\verbatim.sty
Package: verbatim 2024-01-22 v1.5x LaTeX2e package for verbatim enhancements
\every@verbatim=\toks55
\verbatim@line=\toks56
\verbatim@in@stream=\read6
) (C:\Users\gwigg\AppData\Local\Programs\MiKTeX\tex/latex/environ\environ.sty
Package: environ 2014/05/04 v0.3 A new way to define environments
 (C:\Users\gwigg\AppData\Local\Programs\MiKTeX\tex/latex/trimspaces\trimspaces.sty
Package: trimspaces 2009/09/17 v1.1 Trim spaces around a token list
)
\@envbody=\toks57
)
\tcb@titlebox=\box89
\tcb@upperbox=\box90
\tcb@lowerbox=\box91
\tcb@phantombox=\box92
\c@tcbbreakpart=\count447
\c@tcblayer=\count448
\c@tcolorbox@number=\count449
\l__tcobox_tmpa_box=\box93
\l__tcobox_tmpa_dim=\dimen408
\tcb@temp=\box94
\tcb@temp=\box95
\tcb@temp=\box96
\tcb@temp=\box97
 (C:\Users\gwigg\AppData\Local\Programs\MiKTeX\tex/latex/tcolorbox\tcbraster.code.tex
Library (tcolorbox): 'tcbraster.code.tex' version '6.8.0'
\c@tcbrastercolumn=\count450
\c@tcbrasterrow=\count451
\c@tcbrasternum=\count452
\c@tcbraster=\count453
) (C:\Users\gwigg\AppData\Local\Programs\MiKTeX\tex/latex/tcolorbox\tcbskins.code.tex
Library (tcolorbox): 'tcbskins.code.tex' version '6.8.0'
(C:\Users\gwigg\AppData\Local\Programs\MiKTeX\tex/latex/tikzfill\tikzfill.image.sty
Package: tikzfill.image 2023/08/08 v1.0.1 Image filling library for TikZ
 (C:\Users\gwigg\AppData\Local\Programs\MiKTeX\tex/latex/tikzfill\tikzfill-common.sty
Package: tikzfill-common 2023/08/08 v1.0.1 Auxiliary code for tikzfill
) (C:\Users\gwigg\AppData\Local\Programs\MiKTeX\tex/latex/tikzfill\tikzlibraryfill.image.code.tex
File: tikzlibraryfill.image.code.tex 2023/08/08 v1.0.1 Image filling library
\l__tikzfill_img_box=\box98
)) (C:\Users\gwigg\AppData\Local\Programs\MiKTeX\tex/latex/tcolorbox\tcbskinsjigsaw.code.tex
Library (tcolorbox): 'tcbskinsjigsaw.code.tex' version '6.8.0'
)) (C:\Users\gwigg\AppData\Local\Programs\MiKTeX\tex/latex/tcolorbox\tcbbreakable.code.tex
Library (tcolorbox): 'tcbbreakable.code.tex' version '6.8.0'
(C:\Users\gwigg\AppData\Local\Programs\MiKTeX\tex/latex/pdfcol\pdfcol.sty
Package: pdfcol 2022-09-21 v1.7 Handle new color stacks for pdfTeX (HO)
)
Package pdfcol Info: New color stack `tcb@breakable' = 1 on input line 23.
\tcb@testbox=\box99
\tcb@totalupperbox=\box100
\tcb@totallowerbox=\box101
) (C:\Users\gwigg\AppData\Local\Programs\MiKTeX\tex/latex/tcolorbox\tcbhooks.code.tex
Library (tcolorbox): 'tcbhooks.code.tex' version '6.8.0'
) (C:\Users\gwigg\AppData\Local\Programs\MiKTeX\tex/latex/tcolorbox\tcbtheorems.code.tex
Library (tcolorbox): 'tcbtheorems.code.tex' version '6.8.0'
(C:\Users\gwigg\AppData\Local\Programs\MiKTeX\tex/latex/amsmath\amsmath.sty
Package: amsmath 2025/07/09 v2.17z AMS math features
\@mathmargin=\skip84

For additional information on amsmath, use the `?' option.
(C:\Users\gwigg\AppData\Local\Programs\MiKTeX\tex/latex/amsmath\amsbsy.sty
Package: amsbsy 1999/11/29 v1.2d Bold Symbols
\pmbraise@=\dimen409
) (C:\Users\gwigg\AppData\Local\Programs\MiKTeX\tex/latex/amsmath\amsopn.sty
Package: amsopn 2022/04/08 v2.04 operator names
)
\inf@bad=\count454
LaTeX Info: Redefining \frac on input line 233.
\uproot@=\count455
\leftroot@=\count456
LaTeX Info: Redefining \overline on input line 398.
LaTeX Info: Redefining \colon on input line 409.
\classnum@=\count457
\DOTSCASE@=\count458
LaTeX Info: Redefining \ldots on input line 495.
LaTeX Info: Redefining \dots on input line 498.
LaTeX Info: Redefining \cdots on input line 619.
\Mathstrutbox@=\box102
\strutbox@=\box103
LaTeX Info: Redefining \big on input line 721.
LaTeX Info: Redefining \Big on input line 722.
LaTeX Info: Redefining \bigg on input line 723.
LaTeX Info: Redefining \Bigg on input line 724.
\big@size=\dimen410
LaTeX Font Info:    Redeclaring font encoding OML on input line 742.
LaTeX Font Info:    Redeclaring font encoding OMS on input line 743.
\macc@depth=\count459
LaTeX Info: Redefining \bmod on input line 904.
LaTeX Info: Redefining \pmod on input line 909.
LaTeX Info: Redefining \smash on input line 939.
LaTeX Info: Redefining \relbar on input line 969.
LaTeX Info: Redefining \Relbar on input line 970.
\c@MaxMatrixCols=\count460
\dotsspace@=\muskip18
\c@parentequation=\count461
\dspbrk@lvl=\count462
\tag@help=\toks58
\row@=\count463
\column@=\count464
\maxfields@=\count465
\andhelp@=\toks59
\eqnshift@=\dimen411
\alignsep@=\dimen412
\tagshift@=\dimen413
\tagwidth@=\dimen414
\totwidth@=\dimen415
\lineht@=\dimen416
\@envbody=\toks60
\multlinegap=\skip85
\multlinetaggap=\skip86
\mathdisplay@stack=\toks61
LaTeX Info: Redefining \[ on input line 2950.
LaTeX Info: Redefining \] on input line 2951.
)) (C:\Users\gwigg\AppData\Local\Programs\MiKTeX\tex/latex/tcolorbox\tcbfitting.code.tex
Library (tcolorbox): 'tcbfitting.code.tex' version '6.8.0'
\tcbfitdim=\dimen417
\tcb@lowerfitdim=\dimen418
\tcb@upperfitdim=\dimen419
\tcb@cur@hbadness=\count466
) (C:\Users\gwigg\AppData\Local\Programs\MiKTeX\tex/latex/tcolorbox\tcblistingsutf8.code.tex
Library (tcolorbox): 'tcblistingsutf8.code.tex' version '6.8.0'
(C:\Users\gwigg\AppData\Local\Programs\MiKTeX\tex/latex/tcolorbox\tcblistings.code.tex
Library (tcolorbox): 'tcblistings.code.tex' version '6.8.0'
(C:\Users\gwigg\AppData\Local\Programs\MiKTeX\tex/latex/tcolorbox\tcblistingscore.code.tex
Library (tcolorbox): 'tcblistingscore.code.tex' version '6.8.0'
(C:\Users\gwigg\AppData\Local\Programs\MiKTeX\tex/latex/tcolorbox\tcbprocessing.code.tex
Library (tcolorbox): 'tcbprocessing.code.tex' version '6.8.0'
)
\c@tcblisting=\count467
)) (C:\Users\gwigg\AppData\Local\Programs\MiKTeX\tex/latex/listingsutf8\listingsutf8.sty
Package: listingsutf8 2019-12-10 v1.5 Allow UTF-8 in listings input (HO)
)) (C:\Users\gwigg\AppData\Local\Programs\MiKTeX\tex/latex/tcolorbox\tcbexternal.code.tex
Library (tcolorbox): 'tcbexternal.code.tex' version '6.8.0'
) (C:\Users\gwigg\AppData\Local\Programs\MiKTeX\tex/latex/tcolorbox\tcbmagazine.code.tex
Library (tcolorbox): 'tcbmagazine.code.tex' version '6.8.0'
) (C:\Users\gwigg\AppData\Local\Programs\MiKTeX\tex/latex/tcolorbox\tcbvignette.code.tex
Library (tcolorbox): 'tcbvignette.code.tex' version '6.8.0'
(C:\Users\gwigg\AppData\Local\Programs\MiKTeX\tex/generic/pgf/frontendlayer/tikz/libraries\tikzlibraryfadings.code.tex
File: tikzlibraryfadings.code.tex 2025-08-29 v3.1.11a (3.1.11a)
 (C:\Users\gwigg\AppData\Local\Programs\MiKTeX\tex/generic/pgf/libraries\pgflibraryfadings.code.tex
File: pgflibraryfadings.code.tex 2025-08-29 v3.1.11a (3.1.11a)
))) (C:\Users\gwigg\AppData\Local\Programs\MiKTeX\tex/latex/tcolorbox\tcbposter.code.tex
Library (tcolorbox): 'tcbposter.code.tex' version '6.8.0'
)) (C:\Users\gwigg\AppData\Local\Programs\MiKTeX\tex/latex/minitoc\minitoc.sty
Package: minitoc 2018/07/12 v62 Package minitoc
 (C:\Users\gwigg\AppData\Local\Programs\MiKTeX\tex/latex/minitoc\mtcmess.sty
Package: mtcmess 2006/03/14
)
Package minitoc Info: I0001
(minitoc)             *** minitoc package, version 62 ***.
\tf@mtc=\write7
\mtcindent=\skip87
\mtcskipamount=\skip88
Package minitoc Info: I0005
(minitoc)             compatible with hyperref.
Package minitoc Info: I0023
(minitoc)             part level macros available.
Package minitoc Info: I0004
(minitoc)             chapter level macros NOT available.
Package minitoc Info: I0028
(minitoc)             section level macros available.
\mtc@toks=\toks62
\mtc@strutbox=\box104
\mtc@hstrutbox=\box105
Package minitoc Info: I0002
(minitoc)             Autoconfiguration of extensions.
\openout7 = `LAB_DC.mtc0'.

\openout7 = `LAB_DC.mtc'.

 (LAB_DC.mtc0)
Package minitoc Info: I0012
(minitoc)             Long extensions (Unix-like) will be used.
Package minitoc Info: I0031
(minitoc)             ==> this version is configured for UNIX-like 
(minitoc)                 (long extensions) file names.
\openout7 = `LAB_DC.mtc'.

\openout7 = `LAB_DC.mtc0'.

\c@ptc=\count468
\c@parttocdepth=\count469
\ptcindent=\skip89
\c@stc=\count470
\c@secttocdepth=\count471
\stcindent=\skip90
Package minitoc Info: I0010
(minitoc)             The english language is selected.
(minitoc)              on input line 4910.
 (C:\Users\gwigg\AppData\Local\Programs\MiKTeX\tex/latex/minitoc\english.mld
File: english.mld 2006/01/13
) (C:\Users\gwigg\AppData\Local\Programs\MiKTeX\tex/latex/minitoc\english.mld
File: english.mld 2006/01/13
)) (C:\Users\gwigg\AppData\Local\Programs\MiKTeX\tex/latex/amsfonts\amssymb.sty
Package: amssymb 2013/01/14 v3.01 AMS font symbols
 (C:\Users\gwigg\AppData\Local\Programs\MiKTeX\tex/latex/amsfonts\amsfonts.sty
Package: amsfonts 2013/01/14 v3.01 Basic AMSFonts support
\symAMSa=\mathgroup4
\symAMSb=\mathgroup5
LaTeX Font Info:    Redeclaring math symbol \hbar on input line 98.
LaTeX Font Info:    Overwriting math alphabet `\mathfrak' in version `bold'
(Font)                  U/euf/m/n --> U/euf/b/n on input line 106.
)) (C:\Users\gwigg\AppData\Local\Programs\MiKTeX\tex/latex/amscls\amsthm.sty
Package: amsthm 2020/05/29 v2.20.6
\thm@style=\toks63
\thm@bodyfont=\toks64
\thm@headfont=\toks65
\thm@notefont=\toks66
\thm@headpunct=\toks67
\thm@preskip=\skip91
\thm@postskip=\skip92
\thm@headsep=\skip93
\dth@everypar=\toks68
) (C:\Users\gwigg\AppData\Local\Programs\MiKTeX\tex/latex/jknappen\mathrsfs.sty
Package: mathrsfs 1996/01/01 Math RSFS package v1.0 (jk)
\symrsfs=\mathgroup6
) (C:\Users\gwigg\AppData\Local\Programs\MiKTeX\tex/latex/amsmath\amsxtra.sty
Package: amsxtra 1999/11/15 v1.2c AMS extra commands
LaTeX Info: Redefining \nobreakspace on input line 54.
) (C:\Users\gwigg\AppData\Local\Programs\MiKTeX\tex/latex/xfrac\xfrac.sty
Package: xfrac 2024-06-04 Split-level fractions
\l__xfrac_slash_box=\box106
\l__xfrac_tmp_box=\box107
\l__xfrac_denominator_bot_sep_dim=\dimen420
\l__xfrac_numerator_bot_sep_dim=\dimen421
\l__xfrac_numerator_top_sep_dim=\dimen422
\l__xfrac_slash_left_sep_dim=\dimen423
\l__xfrac_slash_right_sep_dim=\dimen424
\l__xfrac_slash_left_muskip=\muskip19
\l__xfrac_slash_right_muskip=\muskip20

LaTeX template Info: Declaring template type 'xfrac' taking 3 argument(s) on
(template)           line 100.


LaTeX template Info: Declaring instance 'cmr' of type xfrac on line 392.


LaTeX template Info: Declaring instance 'cmss' of type xfrac on line 392.


LaTeX template Info: Declaring instance 'cmtt' of type xfrac on line 392.

) (C:\Users\gwigg\AppData\Local\Programs\MiKTeX\tex/latex/bbding\bbding.sty
Package: bbding 1999/04/15 v1.01 Dingbats symbols
) (C:\Users\gwigg\AppData\Local\Programs\MiKTeX\tex/latex/moreverb\moreverb.sty
Package: moreverb 2008/06/03 v2.3a `more' verbatim facilities
\tab@position=\count472
\tab@size=\count473
\listing@line=\count474
) (sub/_definitions/definitions_code.tex (C:\Users\gwigg\AppData\Local\Programs\MiKTeX\tex/latex/listings\lstlang1.sty
File: lstlang1.sty 2025/11/14 1.11b listings language file
) (C:\Users\gwigg\AppData\Local\Programs\MiKTeX\tex/latex/listings\lstmisc.sty
File: lstmisc.sty 2025/11/14 1.11b (Carsten Heinz)
)) (sub/_definitions/definitions_new_commands.tex) (C:\Users\gwigg\AppData\Local\Programs\MiKTeX\tex/latex/subfiles\subfiles.sty
Package: subfiles 2020/11/14 v2.2 Multi-file projects (package)
)
\c@romancount=\count475
 (C:\Users\gwigg\AppData\Local\Programs\MiKTeX\tex/latex/acronym\acronym.sty
Package: acronym 2025/01/17 v1.50 Support for acronyms (Tobias Oetiker)
 (C:\Users\gwigg\AppData\Local\Programs\MiKTeX\tex/latex/bigfoot\suffix.sty
Package: suffix 2006/07/15 1.5a Variant command support
)
\AC@clearlist=\toks69
) (C:\Users\gwigg\AppData\Local\Programs\MiKTeX\tex/latex/placeins\placeins.sty
Package: placeins 2005/04/18  v 2.2
) (C:\Users\gwigg\AppData\Local\Programs\MiKTeX\tex/latex/pdfpages\pdfpages.sty
Package: pdfpages 2025/07/23 v0.6g Insert pages of external PDF documents (AM)
\AM@pagewidth=\dimen425
\AM@pageheight=\dimen426
\AM@fboxrule=\dimen427
 (C:\Users\gwigg\AppData\Local\Programs\MiKTeX\tex/latex/pdfpages\pppdftex.def
File: pppdftex.def 2025/07/23 v0.6g Pdfpages driver for pdfTeX (AM)
)
\pdfpages@includegraphics@status=\count476
\AM@pagebox=\box108
\AM@global@opts=\toks70
\AM@pagecnt=\count477
\AM@toc@title=\toks71
\AM@lof@heading=\toks72
\c@AM@survey=\count478
\AM@templatesizebox=\box109
)) (C:\Users\gwigg\AppData\Local\Programs\MiKTeX\tex/latex/blindtext\blindtext.sty
Package: blindtext 2012/01/06 V2.0 blindtext-Package
 (C:\Users\gwigg\AppData\Local\Programs\MiKTeX\tex/latex/tools\xspace.sty
Package: xspace 2014/10/28 v1.13 Space after command names (DPC,MH)
)
\c@blindtext=\count479
\c@Blindtext=\count480
\c@blind@countparstart=\count481
\blind@countxx=\count482
\blindtext@numBlindtext=\count483
\blind@countyy=\count484
\c@blindlist=\count485
\c@blindlistlevel=\count486
\c@blindlist@level=\count487
\blind@listitem=\count488
\c@blind@listcount=\count489
\c@blind@levelcount=\count490
\blind@mathformula=\count491
\blind@Mathformula=\count492
\c@blind@randomcount=\count493
\c@blind@randommax=\count494
\c@blind@pangramcount=\count495
\c@blind@pangrammax=\count496
) (LAB_DC.aux
Package babel Info: 'german' activates 'german' shorthands.
(babel)             Reported on input line 9.
)
\openout1 = `LAB_DC.aux'.

LaTeX Font Info:    Checking defaults for OML/cmm/m/it on input line 42.
LaTeX Font Info:    ... okay on input line 42.
LaTeX Font Info:    Checking defaults for OMS/cmsy/m/n on input line 42.
LaTeX Font Info:    ... okay on input line 42.
LaTeX Font Info:    Checking defaults for OT1/cmr/m/n on input line 42.
LaTeX Font Info:    ... okay on input line 42.
LaTeX Font Info:    Checking defaults for T1/cmr/m/n on input line 42.
LaTeX Font Info:    ... okay on input line 42.
LaTeX Font Info:    Checking defaults for TS1/cmr/m/n on input line 42.
LaTeX Font Info:    ... okay on input line 42.
LaTeX Font Info:    Checking defaults for OMX/cmex/m/n on input line 42.
LaTeX Font Info:    ... okay on input line 42.
LaTeX Font Info:    Checking defaults for U/cmr/m/n on input line 42.
LaTeX Font Info:    ... okay on input line 42.
LaTeX Font Info:    Checking defaults for LGR/cmr/m/n on input line 42.
LaTeX Font Info:    Trying to load font information for LGR+cmr on input line 42.
 (C:\Users\gwigg\AppData\Local\Programs\MiKTeX\tex/latex/cbfonts-fd\lgrcmr.fd
File: lgrcmr.fd 2017/07/29 v1.2 Greek European Computer Regular
)
LaTeX Font Info:    ... okay on input line 42.
LaTeX Font Info:    Checking defaults for PD1/pdf/m/n on input line 42.
LaTeX Font Info:    ... okay on input line 42.
LaTeX Font Info:    Checking defaults for PU/pdf/m/n on input line 42.
LaTeX Font Info:    ... okay on input line 42.

*geometry* driver: auto-detecting
*geometry* detected driver: pdftex
*geometry* verbose mode - [ preamble ] result:
* driver: pdftex
* paper: a4paper
* layout: <same size as paper>
* layoutoffset:(h,v)=(0.0pt,0.0pt)
* modes: 
* h-part:(L,W,R)=(99.58464pt, 426.79135pt, 71.13188pt)
* v-part:(T,H,B)=(85.35826pt, 645.87756pt, 113.81102pt)
* \paperwidth=597.50787pt
* \paperheight=845.04684pt
* \textwidth=426.79135pt
* \textheight=645.87756pt
* \oddsidemargin=27.31465pt
* \evensidemargin=27.31465pt
* \topmargin=-31.91371pt
* \headheight=14.0pt
* \headsep=33.00198pt
* \topskip=11.0pt
* \footskip=42.67912pt
* \marginparwidth=50.0pt
* \marginparsep=10.0pt
* \columnsep=10.0pt
* \skip\footins=10.0pt plus 4.0pt minus 2.0pt
* \hoffset=0.0pt
* \voffset=0.0pt
* \mag=1000
* \@twocolumnfalse
* \@twosidefalse
* \@mparswitchfalse
* \@reversemarginfalse
* (1in=72.27pt=25.4mm, 1cm=28.453pt)

(C:\Users\gwigg\AppData\Local\Programs\MiKTeX\tex/context/base/mkii\supp-pdf.mkii
[Loading MPS to PDF converter (version 2006.09.02).]
\scratchcounter=\count497
\scratchdimen=\dimen428
\scratchbox=\box110
\nofMPsegments=\count498
\nofMParguments=\count499
\everyMPshowfont=\toks73
\MPscratchCnt=\count500
\MPscratchDim=\dimen429
\MPnumerator=\count501
\makeMPintoPDFobject=\count502
\everyMPtoPDFconversion=\toks74
)
\c@lstlisting=\count503
Package caption Info: Begin \AtBeginDocument code.
Package caption Info: hyperref package is loaded.
Package caption Info: End \AtBeginDocument code.

Package pgfplots notification 'compat/show suggested version=true': document has been generated with the most recent feature set (\pgfplotsset{compat=1.18}).

Package hyperref Info: Link coloring ON on input line 42.
(LAB_DC.out) (LAB_DC.out)
\@outlinefile=\write8
\openout8 = `LAB_DC.out'.

 (C:\Users\gwigg\AppData\Local\Programs\MiKTeX\tex/latex/translations/dicts\translations-basic-dictionary-german.trsl
File: translations-basic-dictionary-german.trsl (german translation file `translations-basic-dictionary')
)
Package translations Info: loading dictionary `translations-basic-dictionary' for `german'. on input line 42.
Package minitoc(hints) Info: I0049
(minitoc(hints))             ==> You requested the hints option. 
(minitoc(hints))             Some hints are eventually given below.
 (C:\Users\gwigg\AppData\Local\Programs\MiKTeX\tex/latex/pdflscape\pdflscape.sty
Package: pdflscape 2022-10-27 v0.13 Display of landscape pages in PDF
 (C:\Users\gwigg\AppData\Local\Programs\MiKTeX\tex/latex/pdflscape\pdflscape-nometadata.sty
Package: pdflscape-nometadata 2022-10-28 v0.13 Display of landscape pages in PDF (HO)
 (C:\Users\gwigg\AppData\Local\Programs\MiKTeX\tex/latex/graphics\lscape.sty
Package: lscape 2020/05/28 v3.02 Landscape Pages (DPC)
)
Package pdflscape Info: Auto-detected driver: pdftex on input line 81.
)) (sub/_definitions/deckblatt_mci.tex
LaTeX Font Info:    Trying to load font information for U+msa on input line 11.
 (C:\Users\gwigg\AppData\Local\Programs\MiKTeX\tex/latex/amsfonts\umsa.fd
File: umsa.fd 2013/01/14 v3.01 AMS symbols A
)
LaTeX Font Info:    Trying to load font information for U+msb on input line 11.
 (C:\Users\gwigg\AppData\Local\Programs\MiKTeX\tex/latex/amsfonts\umsb.fd
File: umsb.fd 2013/01/14 v3.01 AMS symbols B
)
LaTeX Font Info:    Trying to load font information for U+rsfs on input line 11.
 (C:\Users\gwigg\AppData\Local\Programs\MiKTeX\tex/latex/jknappen\ursfs.fd
File: ursfs.fd 1998/03/24 rsfs font definition file (jk)
)
Package epstopdf Info: Source file: <sub/_definitions/MCI_4C.eps>
(epstopdf)                    date: 2026-06-12 12:34:49
(epstopdf)                    size: 49883 bytes
(epstopdf)             Output file: <sub/_definitions/MCI_4C-eps-converted-to.pdf>
(epstopdf)                    date: 2026-06-12 12:34:49
(epstopdf)                    size: 9334 bytes
(epstopdf)             Command: <miktex-epstopdf --outfile=sub/_definitions/MCI_4C-eps-converted-to.pdf sub/_definitions/MCI_4C.eps>
(epstopdf)             \includegraphics on input line 77.
Package epstopdf Info: Output file is already uptodate.
<sub/_definitions/MCI_4C-eps-converted-to.pdf, id=106, 341.275pt x 165.61874pt>
File: sub/_definitions/MCI_4C-eps-converted-to.pdf Graphic file (type pdf)
<use sub/_definitions/MCI_4C-eps-converted-to.pdf>
Package pdftex.def Info: sub/_definitions/MCI_4C-eps-converted-to.pdf  used on input line 77.
(pdftex.def)             Requested size: 142.26378pt x 69.04132pt.
Package epstopdf Info: Source file: <sub/_definitions/header.eps>
(epstopdf)                    date: 2026-06-12 12:34:49
(epstopdf)                    size: 945329 bytes
(epstopdf)             Output file: <sub/_definitions/header-eps-converted-to.pdf>
(epstopdf)                    date: 2026-06-12 12:34:49
(epstopdf)                    size: 18548 bytes
(epstopdf)             Command: <miktex-epstopdf --outfile=sub/_definitions/header-eps-converted-to.pdf sub/_definitions/header.eps>
(epstopdf)             \includegraphics on input line 79.
Package epstopdf Info: Output file is already uptodate.
<sub/_definitions/header-eps-converted-to.pdf, id=107, 1062.97125pt x 146.5475pt>
File: sub/_definitions/header-eps-converted-to.pdf Graphic file (type pdf)
<use sub/_definitions/header-eps-converted-to.pdf>
Package pdftex.def Info: sub/_definitions/header-eps-converted-to.pdf  used on input line 79.
(pdftex.def)             Requested size: 597.51437pt x 82.37685pt.
 [1
Non-PDF special ignored!
<special> header=pstricks.pro
Non-PDF special ignored!
<special> header=pst-algparser.pro
Non-PDF special ignored!
<special> header=pst-tools.pro
Non-PDF special ignored!
<special> header=pst-dots.pro
Non-PDF special ignored!
<special> header=pst-node.pro
Non-PDF special ignored!
<special> header=pst-3d.pro
Non-PDF special ignored!
<special> header=pst-math.pro
Non-PDF special ignored!
<special> header=pstricks-add.pro
Non-PDF special ignored!
<special> header=pst-grad.pro
Non-PDF special ignored!
<special> header=pst-coil.pro
Non-PDF special ignored!
<special> header=pst-text.pro
Non-PDF special ignored!
<special> header=psfrag.pro

Non-PDF special ignored!
<special> ps: /pssetRGBcolor /setrgbcolor load def /pssetCMYKcolor /setcmyk...
Non-PDF special ignored!
<special> ps:tx@Dict begin  gsave STV CP T /ps@rot 0 def grestore  end
Non-PDF special ignored!
<special> ps:tx@Dict begin  gsave STV CP T /ps@refangle 0.  def grestore  e...
Non-PDF special ignored!
<special> ps:tx@Dict begin  gsave STV CP T /ps@rot 0 def grestore  end
Non-PDF special ignored!
<special> ps:0.8 setlinewidth 0 setgray
{C:/Users/gwigg/AppData/Local/MiKTeX/fonts/map/pdftex/pdftex.map} <./sub/_definitions/header-eps-converted-to.pdf> <./sub/_definitions/MCI_4C-eps-converted-to.pdf>]) (LAB_DC.toc)
\tf@toc=\write9
\openout9 = `LAB_DC.toc'.

Package babel Info: 'german' activates 'german' shorthands.
(babel)             Reported on input line 53.
 [2] (sections/1-introduction.tex) [1] (sections/2-preparation.tex
<images/LabDC_SchemaDCSystem.png, id=158, 443.40656pt x 225.09094pt>
File: images/LabDC_SchemaDCSystem.png Graphic file (type png)
<use images/LabDC_SchemaDCSystem.png>
Package pdftex.def Info: images/LabDC_SchemaDCSystem.png  used on input line 8.
(pdftex.def)             Requested size: 256.07741pt x 130.00328pt.
 [2

 <./images/LabDC_SchemaDCSystem.png>]
<images/Plot_rawData.png, id=190, 966.009pt x 563.706pt>
File: images/Plot_rawData.png Graphic file (type png)
<use images/Plot_rawData.png>
Package pdftex.def Info: images/Plot_rawData.png  used on input line 105.
(pdftex.def)             Requested size: 256.07741pt x 149.42438pt.
 [3]
<images/Vergleich_rawDataPT2.png, id=207, 968.418pt x 566.115pt>
File: images/Vergleich_rawDataPT2.png Graphic file (type png)
<use images/Vergleich_rawDataPT2.png>
Package pdftex.def Info: images/Vergleich_rawDataPT2.png  used on input line 114.
(pdftex.def)             Requested size: 256.07741pt x 149.6915pt.
) [4 <./images/Plot_rawData.png (PNG copy)> <./images/Vergleich_rawDataPT2.png (PNG copy)>] (sections/3-execution.tex

LaTeX Warning: Reference `chap:results' on page 5 undefined on input line 4.

<images/HardwareSetup.jpeg, id=216, 1606.0pt x 755.82375pt>
File: images/HardwareSetup.jpeg Graphic file (type jpg)
<use images/HardwareSetup.jpeg>
Package pdftex.def Info: images/HardwareSetup.jpeg  used on input line 10.
(pdftex.def)             Requested size: 256.07741pt x 120.50755pt.

LaTeX Warning: Citation `DataSheetEncoder' on page 5 undefined on input line 16.


LaTeX Warning: Citation `DataSheetDAQ' on page 5 undefined on input line 20.


LaTeX Warning: Citation `DataSheetBNC' on page 5 undefined on input line 22.


LaTeX Warning: Reference `fig:SimulinkID' on page 5 undefined on input line 40.


LaTeX Warning: Reference `fig:RawData' on page 5 undefined on input line 45.

[5 <./images/HardwareSetup.jpeg>]

LaTeX Warning: Reference `chap:controller_design' on page 6 undefined on input line 65.

) [6] (sections/4-result.tex
<images/res_PT2_StepResponse.jpg, id=233, 783.92876pt x 421.575pt>
File: images/res_PT2_StepResponse.jpg Graphic file (type jpg)
<use images/res_PT2_StepResponse.jpg>
Package pdftex.def Info: images/res_PT2_StepResponse.jpg  used on input line 9.
(pdftex.def)             Requested size: 405.45047pt x 218.04306pt.


LaTeX Warning: Reference `chap:controller_design' on page 7 undefined on input line 26.

[7 <./images/res_PT2_StepResponse.jpg>]
<plots/res_PID_Comparison.png, id=242, 701.019pt x 524.6802pt>
File: plots/res_PID_Comparison.png Graphic file (type png)
<use plots/res_PID_Comparison.png>
Package pdftex.def Info: plots/res_PID_Comparison.png  used on input line 38.
(pdftex.def)             Requested size: 405.45047pt x 303.4661pt.
 [8 <./plots/res_PID_Comparison.png (PNG copy)>]
<images/Koeffzienten_Tabelle.png, id=253, 537.72322pt x 101.95232pt>
File: images/Koeffzienten_Tabelle.png Graphic file (type png)
<use images/Koeffzienten_Tabelle.png>
Package pdftex.def Info: images/Koeffzienten_Tabelle.png  used on input line 68.
(pdftex.def)             Requested size: 405.45047pt x 76.87317pt.
) [9 <./images/Koeffzienten_Tabelle.png>] (LAB_DC.bbl) [3] (LAB_DC.lof)
\tf@lof=\write10
\openout10 = `LAB_DC.lof'.

 [4] (LAB_DC.lot)
\tf@lot=\write11
\openout11 = `LAB_DC.lot'.

Package minitoc Info: I0009
(minitoc)             Listing minitoc auxiliary files. 
(minitoc)             Creating the LAB_DC.maf file.
\openout7 = `LAB_DC.maf'.

Package minitoc(hints) Info: I0053
(minitoc(hints))             You have loaded the float package; 
(minitoc(hints))             please be aware that the minitoc package 
(minitoc(hints))             facilities can not be used for new types 
(minitoc(hints))             of floats defined by the float package.


Package minitoc(hints) Warning: W0024
(minitoc(hints))                Some hints have been written 
(minitoc(hints))                in the LAB_DC.log file.

[5] (LAB_DC.aux)
 ***********
LaTeX2e <2025-11-01>
L3 programming layer <2025-11-06>
 ***********


LaTeX Warning: There were undefined references.

Package rerunfilecheck Info: File `LAB_DC.out' has not changed.
(rerunfilecheck)             Checksum: C01C3ECBDDD4396B854DA92051C099EF;2968.
 ) 
Here is how much of TeX's memory you used:
 75065 strings out of 467871
 1863725 string characters out of 5418375
 2835430 words of memory out of 5000000
 102762 multiletter control sequences out of 15000+600000
 651526 words of font info for 92 fonts, out of 8000000 for 9000
 1141 hyphenation exceptions out of 8191
 123i,13n,124p,807b,1158s stack positions out of 10000i,1000n,20000p,200000b,200000s
 <C:\Users\gwigg\AppData\Local\MiKTeX\fonts/pk/ljfour/jknappen/ec/dpi600\tcrm1095.pk> <C:\Users\gwigg\AppData\Local\MiKTeX\fonts/pk/ljfour/jknappen/ec/dpi600\ectt1095.pk> <C:\Users\gwigg\AppData\Local\MiKTeX\fonts/pk/ljfour/jknappen/ec/dpi600\ecti1000.pk> <C:\Users\gwigg\AppData\Local\MiKTeX\fonts/pk/ljfour/jknappen/ec/dpi600\ecrm0800.pk> <C:\Users\gwigg\AppData\Local\MiKTeX\fonts/pk/ljfour/jknappen/ec/dpi600\ecti0900.pk> <C:\Users\gwigg\AppData\Local\MiKTeX\fonts/pk/ljfour/jknappen/ec/dpi600\ecbx1095.pk> <C:\Users\gwigg\AppData\Local\MiKTeX\fonts/pk/ljfour/jknappen/ec/dpi600\ecbx1440.pk> <C:\Users\gwigg\AppData\Local\MiKTeX\fonts/pk/ljfour/jknappen/ec/dpi600\ecsl1095.pk> <C:\Users\gwigg\AppData\Local\MiKTeX\fonts/pk/ljfour/jknappen/ec/dpi600\ecsl1200.pk> <C:\Users\gwigg\AppData\Local\MiKTeX\fonts/pk/ljfour/jknappen/ec/dpi600\ecrm1095.pk> <C:\Users\gwigg\AppData\Local\MiKTeX\fonts/pk/ljfour/jknappen/ec/dpi600\ecbx1200.pk> <C:\Users\gwigg\AppData\Local\MiKTeX\fonts/pk/ljfour/jknappen/ec/dpi600\ecbx1728.pk> <C:\Users\gwigg\AppData\Local\MiKTeX\fonts/pk/ljfour/jknappen/ec/dpi600\eccc1440.pk> <C:\Users\gwigg\AppData\Local\MiKTeX\fonts/pk/ljfour/jknappen/ec/dpi450\ecsx0800.pk> <C:\Users\gwigg\AppData\Local\MiKTeX\fonts/pk/ljfour/jknappen/ec/dpi600\tcsx0600.pk> <C:\Users\gwigg\AppData\Local\MiKTeX\fonts/pk/ljfour/jknappen/ec/dpi600\ecsx0800.pk><C:/Users/gwigg/AppData/Local/Programs/MiKTeX/fonts/type1/public/amsfonts/cm/cmbx10.pfb><C:/Users/gwigg/AppData/Local/Programs/MiKTeX/fonts/type1/public/amsfonts/cm/cmex10.pfb><C:/Users/gwigg/AppData/Local/Programs/MiKTeX/fonts/type1/public/amsfonts/cm/cmmi10.pfb><C:/Users/gwigg/AppData/Local/Programs/MiKTeX/fonts/type1/public/amsfonts/cm/cmmi8.pfb><C:/Users/gwigg/AppData/Local/Programs/MiKTeX/fonts/type1/public/amsfonts/cm/cmr10.pfb><C:/Users/gwigg/AppData/Local/Programs/MiKTeX/fonts/type1/public/amsfonts/cm/cmr8.pfb><C:/Users/gwigg/AppData/Local/Programs/MiKTeX/fonts/type1/public/amsfonts/cm/cmsy10.pfb>
Output written on LAB_DC.pdf (14 pages, 762465 bytes).
PDF statistics:
 867 PDF objects out of 1000 (max. 8388607)
 61 named destinations out of 1000 (max. 500000)
 330 words of extra memory for PDF output out of 10000 (max. 10000000)

